target_id,known_values,qid_filter_values,refine_values,qid_exposed_values,qid_equivalence_class_size,stage1_equivalence_class_size,reduced_equivalence_class_size,stage2_equivalence_class_size,equivalence_class_size,equivalence_class_reduction,equivalence_class_reduction_rate,true_record_in_qid_class,true_record_in_reduced_class,unique_reidentified,false_unique_match,true_sensitive_value,predicted_sensitive_top_value,predicted_sensitive_top_probability,true_sensitive_probability,sensitive_value_certain,n_distinct_sensitive_values,sensitive_distribution_json
7446,age=33 | sex=Female | native-country=United-States | relationship=Unmarried,age=33 | native-country=United-States,sex=Female | relationship=Unmarried,age=33 | native-country=North-America,27892,27892,1923,1923,1923,25969,0.931055,True,True,False,False,<=50K,<=50K,0.947478,0.947478,False,2,"{""<=50K"": 0.947478, "">50K"": 0.052522}"
23231,age=36 | sex=Male | native-country=United-States | relationship=Husband,age=36 | native-country=United-States,sex=Male | relationship=Husband,age=36 | native-country=North-America,27892,27892,11886,11886,11886,16006,0.573856,True,True,False,False,>50K,<=50K,0.541057,0.458943,False,2,"{""<=50K"": 0.541057, "">50K"": 0.458943}"
16792,age=31 | sex=Female | native-country=United-States | relationship=Not-in-family,age=31 | native-country=United-States,sex=Female | relationship=Not-in-family,age=31 | native-country=North-America,27892,27892,3279,3279,3279,24613,0.882439,True,True,False,False,<=50K,<=50K,0.918573,0.918573,False,2,"{""<=50K"": 0.918573, "">50K"": 0.081427}"
16688,age=47 | sex=Male | native-country=United-States | relationship=Husband,age=47 | native-country=United-States,sex=Male | relationship=Husband,age=47 | native-country=North-America,27892,27892,11886,11886,11886,16006,0.573856,True,True,False,False,<=50K,<=50K,0.541057,0.541057,False,2,"{""<=50K"": 0.541057, "">50K"": 0.458943}"
5939,age=36 | sex=Male | native-country=United-States | relationship=Husband,age=36 | native-country=United-States,sex=Male | relationship=Husband,age=36 | native-country=North-America,27892,27892,11886,11886,11886,16006,0.573856,True,True,False,False,<=50K,<=50K,0.541057,0.541057,False,2,"{""<=50K"": 0.541057, "">50K"": 0.458943}"
10656,age=40 | sex=Male | native-country=United-States | relationship=Husband,age=40 | native-country=United-States,sex=Male | relationship=Husband,age=40 | native-country=North-America,27892,27892,11886,11886,11886,16006,0.573856,True,True,False,False,<=50K,<=50K,0.541057,0.541057,False,2,"{""<=50K"": 0.541057, "">50K"": 0.458943}"
13599,age=34 | sex=Male | native-country=United-States | relationship=Husband,age=34 | native-country=United-States,sex=Male | relationship=Husband,age=34 | native-country=North-America,27892,27892,11886,11886,11886,16006,0.573856,True,True,False,False,>50K,<=50K,0.541057,0.458943,False,2,"{""<=50K"": 0.541057, "">50K"": 0.458943}"
8251,age=49 | sex=Female | native-country=United-States | relationship=Unmarried,age=49 | native-country=United-States,sex=Female | relationship=Unmarried,age=49 | native-country=North-America,27892,27892,1923,1923,1923,25969,0.931055,True,True,False,False,>50K,<=50K,0.947478,0.052522,False,2,"{""<=50K"": 0.947478, "">50K"": 0.052522}"
843,age=62 | sex=Female | native-country=United-States | relationship=Not-in-family,age=62 | native-country=United-States,sex=Female | relationship=Not-in-family,age=62 | native-country=North-America,27892,27892,3279,3279,3279,24613,0.882439,True,True,False,False,<=50K,<=50K,0.918573,0.918573,False,2,"{""<=50K"": 0.918573, "">50K"": 0.081427}"
17413,age=28 | sex=Male | native-country=United-States | relationship=Unmarried,age=28 | native-country=United-States,sex=Male | relationship=Unmarried,age=28 | native-country=North-America,27892,27892,647,647,647,27245,0.976803,True,True,False,False,<=50K,<=50K,0.854714,0.854714,False,2,"{""<=50K"": 0.854714, "">50K"": 0.145286}"
22485,age=25 | sex=Male | native-country=United-States | relationship=Husband,age=25 | native-country=United-States,sex=Male | relationship=Husband,age=25 | native-country=North-America,27892,27892,11886,11886,11886,16006,0.573856,True,True,False,False,<=50K,<=50K,0.541057,0.541057,False,2,"{""<=50K"": 0.541057, "">50K"": 0.458943}"
29802,age=47 | sex=Male | native-country=United-States | relationship=Husband,age=47 | native-country=United-States,sex=Male | relationship=Husband,age=47 | native-country=North-America,27892,27892,11886,11886,11886,16006,0.573856,True,True,False,False,<=50K,<=50K,0.541057,0.541057,False,2,"{""<=50K"": 0.541057, "">50K"": 0.458943}"
14716,age=23 | sex=Male | native-country=United-States | relationship=Husband,age=23 | native-country=United-States,sex=Male | relationship=Husband,age=23 | native-country=North-America,27892,27892,11886,11886,11886,16006,0.573856,True,True,False,False,<=50K,<=50K,0.541057,0.541057,False,2,"{""<=50K"": 0.541057, "">50K"": 0.458943}"
30600,age=64 | sex=Male | native-country=United-States | relationship=Husband,age=64 | native-country=United-States,sex=Male | relationship=Husband,age=64 | native-country=North-America,27892,27892,11886,11886,11886,16006,0.573856,True,True,False,False,<=50K,<=50K,0.541057,0.541057,False,2,"{""<=50K"": 0.541057, "">50K"": 0.458943}"
5945,age=20 | sex=Female | native-country=United-States | relationship=Own-child,age=20 | native-country=United-States,sex=Female | relationship=Own-child,age=20 | native-country=North-America,27892,27892,1824,1824,1824,26068,0.934605,True,True,False,False,<=50K,<=50K,0.98739,0.98739,False,2,"{""<=50K"": 0.98739, "">50K"": 0.01261}"
13771,age=20 | sex=Male | native-country=United-States | relationship=Own-child,age=20 | native-country=United-States,sex=Male | relationship=Own-child,age=20 | native-country=North-America,27892,27892,2524,2524,2524,25368,0.909508,True,True,False,False,<=50K,<=50K,0.986133,0.986133,False,2,"{""<=50K"": 0.986133, "">50K"": 0.013867}"
1377,age=54 | sex=Male | native-country=United-States | relationship=Husband,age=54 | native-country=United-States,sex=Male | relationship=Husband,age=54 | native-country=North-America,27892,27892,11886,11886,11886,16006,0.573856,True,True,False,False,<=50K,<=50K,0.541057,0.541057,False,2,"{""<=50K"": 0.541057, "">50K"": 0.458943}"
3445,age=41 | sex=Male | native-country=United-States | relationship=Husband,age=41 | native-country=United-States,sex=Male | relationship=Husband,age=41 | native-country=North-America,27892,27892,11886,11886,11886,16006,0.573856,True,True,False,False,>50K,<=50K,0.541057,0.458943,False,2,"{""<=50K"": 0.541057, "">50K"": 0.458943}"
31659,age=24 | sex=Male | native-country=United-States | relationship=Not-in-family,age=24 | native-country=United-States,sex=Male | relationship=Not-in-family,age=24 | native-country=North-America,27892,27892,3837,3837,3837,24055,0.862434,True,True,False,False,<=50K,<=50K,0.863435,0.863435,False,2,"{""<=50K"": 0.863435, "">50K"": 0.136565}"
20843,age=53 | sex=Female | native-country=United-States | relationship=Not-in-family,age=53 | native-country=United-States,sex=Female | relationship=Not-in-family,age=53 | native-country=North-America,27892,27892,3279,3279,3279,24613,0.882439,True,True,False,False,>50K,<=50K,0.918573,0.081427,False,2,"{""<=50K"": 0.918573, "">50K"": 0.081427}"
22008,age=42 | sex=Male | native-country=United-States | relationship=Husband,age=42 | native-country=United-States,sex=Male | relationship=Husband,age=42 | native-country=North-America,27892,27892,11886,11886,11886,16006,0.573856,True,True,False,False,>50K,<=50K,0.541057,0.458943,False,2,"{""<=50K"": 0.541057, "">50K"": 0.458943}"
2577,age=48 | sex=Female | native-country=United-States | relationship=Unmarried,age=48 | native-country=United-States,sex=Female | relationship=Unmarried,age=48 | native-country=North-America,27892,27892,1923,1923,1923,25969,0.931055,True,True,False,False,<=50K,<=50K,0.947478,0.947478,False,2,"{""<=50K"": 0.947478, "">50K"": 0.052522}"
22910,age=19 | sex=Female | native-country=United-States | relationship=Other-relative,age=19 | native-country=United-States,sex=Female | relationship=Other-relative,age=19 | native-country=North-America,27892,27892,252,252,252,27640,0.990965,True,True,False,False,>50K,<=50K,0.956349,0.043651,False,2,"{""<=50K"": 0.956349, "">50K"": 0.043651}"
17422,age=37 | sex=Male | native-country=United-States | relationship=Husband,age=37 | native-country=United-States,sex=Male | relationship=Husband,age=37 | native-country=North-America,27892,27892,11886,11886,11886,16006,0.573856,True,True,False,False,>50K,<=50K,0.541057,0.458943,False,2,"{""<=50K"": 0.541057, "">50K"": 0.458943}"
18965,age=45 | sex=Female | native-country=United-States | relationship=Not-in-family,age=45 | native-country=United-States,sex=Female | relationship=Not-in-family,age=45 | native-country=North-America,27892,27892,3279,3279,3279,24613,0.882439,True,True,False,False,<=50K,<=50K,0.918573,0.918573,False,2,"{""<=50K"": 0.918573, "">50K"": 0.081427}"
10243,age=42 | sex=Male | native-country=United-States | relationship=Husband,age=42 | native-country=United-States,sex=Male | relationship=Husband,age=42 | native-country=North-America,27892,27892,11886,11886,11886,16006,0.573856,True,True,False,False,<=50K,<=50K,0.541057,0.541057,False,2,"{""<=50K"": 0.541057, "">50K"": 0.458943}"
3491,age=33 | sex=Female | native-country=United-States | relationship=Unmarried,age=33 | native-country=United-States,sex=Female | relationship=Unmarried,age=33 | native-country=North-America,27892,27892,1923,1923,1923,25969,0.931055,True,True,False,False,<=50K,<=50K,0.947478,0.947478,False,2,"{""<=50K"": 0.947478, "">50K"": 0.052522}"
4925,age=28 | sex=Male | native-country=United-States | relationship=Not-in-family,age=28 | native-country=United-States,sex=Male | relationship=Not-in-family,age=28 | native-country=North-America,27892,27892,3837,3837,3837,24055,0.862434,True,True,False,False,<=50K,<=50K,0.863435,0.863435,False,2,"{""<=50K"": 0.863435, "">50K"": 0.136565}"
26097,age=30 | sex=Male | native-country=United-States | relationship=Not-in-family,age=30 | native-country=United-States,sex=Male | relationship=Not-in-family,age=30 | native-country=North-America,27892,27892,3837,3837,3837,24055,0.862434,True,True,False,False,<=50K,<=50K,0.863435,0.863435,False,2,"{""<=50K"": 0.863435, "">50K"": 0.136565}"
27103,age=37 | sex=Male | native-country=Mexico | relationship=Husband,age=37 | native-country=Mexico,sex=Male | relationship=Husband,age=37 | native-country=Central-America,492,492,272,272,272,220,0.447154,True,True,False,False,<=50K,<=50K,0.908088,0.908088,False,2,"{""<=50K"": 0.908088, "">50K"": 0.091912}"
27774,age=19 | sex=Male | native-country=United-States | relationship=Own-child,age=19 | native-country=United-States,sex=Male | relationship=Own-child,age=19 | native-country=North-America,27892,27892,2524,2524,2524,25368,0.909508,True,True,False,False,<=50K,<=50K,0.986133,0.986133,False,2,"{""<=50K"": 0.986133, "">50K"": 0.013867}"
12684,age=23 | sex=Male | native-country=United-States | relationship=Own-child,age=23 | native-country=United-States,sex=Male | relationship=Own-child,age=23 | native-country=North-America,27892,27892,2524,2524,2524,25368,0.909508,True,True,False,False,<=50K,<=50K,0.986133,0.986133,False,2,"{""<=50K"": 0.986133, "">50K"": 0.013867}"
31320,age=24 | sex=Female | native-country=United-States | relationship=Not-in-family,age=24 | native-country=United-States,sex=Female | relationship=Not-in-family,age=24 | native-country=North-America,27892,27892,3279,3279,3279,24613,0.882439,True,True,False,False,<=50K,<=50K,0.918573,0.918573,False,2,"{""<=50K"": 0.918573, "">50K"": 0.081427}"
30315,age=42 | sex=Female | native-country=United-States | relationship=Wife,age=42 | native-country=United-States,sex=Female | relationship=Wife,age=42 | native-country=North-America,27892,27892,1354,1354,1354,26538,0.951456,True,True,False,False,>50K,<=50K,0.502954,0.497046,False,2,"{""<=50K"": 0.502954, "">50K"": 0.497046}"
2786,age=30 | sex=Male | native-country=United-States | relationship=Husband,age=30 | native-country=United-States,sex=Male | relationship=Husband,age=30 | native-country=North-America,27892,27892,11886,11886,11886,16006,0.573856,True,True,False,False,<=50K,<=50K,0.541057,0.541057,False,2,"{""<=50K"": 0.541057, "">50K"": 0.458943}"
15807,age=24 | sex=Male | native-country=United-States | relationship=Own-child,age=24 | native-country=United-States,sex=Male | relationship=Own-child,age=24 | native-country=North-America,27892,27892,2524,2524,2524,25368,0.909508,True,True,False,False,<=50K,<=50K,0.986133,0.986133,False,2,"{""<=50K"": 0.986133, "">50K"": 0.013867}"
26902,age=78 | sex=Male | native-country=United-States | relationship=Husband,age=78 | native-country=United-States,sex=Male | relationship=Husband,age=78 | native-country=North-America,27892,27892,11886,11886,11886,16006,0.573856,True,True,False,False,<=50K,<=50K,0.541057,0.541057,False,2,"{""<=50K"": 0.541057, "">50K"": 0.458943}"
19386,age=58 | sex=Male | native-country=United-States | relationship=Husband,age=58 | native-country=United-States,sex=Male | relationship=Husband,age=58 | native-country=North-America,27892,27892,11886,11886,11886,16006,0.573856,True,True,False,False,<=50K,<=50K,0.541057,0.541057,False,2,"{""<=50K"": 0.541057, "">50K"": 0.458943}"
8584,age=53 | sex=Male | native-country=United-States | relationship=Husband,age=53 | native-country=United-States,sex=Male | relationship=Husband,age=53 | native-country=North-America,27892,27892,11886,11886,11886,16006,0.573856,True,True,False,False,>50K,<=50K,0.541057,0.458943,False,2,"{""<=50K"": 0.541057, "">50K"": 0.458943}"
28670,age=32 | sex=Female | native-country=United-States | relationship=Not-in-family,age=32 | native-country=United-States,sex=Female | relationship=Not-in-family,age=32 | native-country=North-America,27892,27892,3279,3279,3279,24613,0.882439,True,True,False,False,<=50K,<=50K,0.918573,0.918573,False,2,"{""<=50K"": 0.918573, "">50K"": 0.081427}"
28836,age=19 | sex=Male | native-country=Mexico | relationship=Other-relative,age=19 | native-country=Mexico,sex=Male | relationship=Other-relative,age=19 | native-country=Central-America,492,492,63,63,63,429,0.871951,True,True,False,False,<=50K,<=50K,1.0,1.0,True,1,"{""<=50K"": 1.0}"
26723,age=41 | sex=Female | native-country=United-States | relationship=Wife,age=41 | native-country=United-States,sex=Female | relationship=Wife,age=41 | native-country=North-America,27892,27892,1354,1354,1354,26538,0.951456,True,True,False,False,<=50K,<=50K,0.502954,0.502954,False,2,"{""<=50K"": 0.502954, "">50K"": 0.497046}"
26606,age=54 | sex=Male | native-country=China | relationship=Husband,age=54 | native-country=China,sex=Male | relationship=Husband,age=54 | native-country=East-Asia,144,144,109,109,109,35,0.243056,True,True,False,False,<=50K,>50K,0.513761,0.486239,False,2,"{"">50K"": 0.513761, ""<=50K"": 0.486239}"
18851,age=25 | sex=Male | native-country=United-States | relationship=Not-in-family,age=25 | native-country=United-States,sex=Male | relationship=Not-in-family,age=25 | native-country=North-America,27892,27892,3837,3837,3837,24055,0.862434,True,True,False,False,<=50K,<=50K,0.863435,0.863435,False,2,"{""<=50K"": 0.863435, "">50K"": 0.136565}"
14687,age=58 | sex=Male | native-country=United-States | relationship=Husband,age=58 | native-country=United-States,sex=Male | relationship=Husband,age=58 | native-country=North-America,27892,27892,11886,11886,11886,16006,0.573856,True,True,False,False,>50K,<=50K,0.541057,0.458943,False,2,"{""<=50K"": 0.541057, "">50K"": 0.458943}"
31517,age=24 | sex=Male | native-country=United-States | relationship=Not-in-family,age=24 | native-country=United-States,sex=Male | relationship=Not-in-family,age=24 | native-country=North-America,27892,27892,3837,3837,3837,24055,0.862434,True,True,False,False,<=50K,<=50K,0.863435,0.863435,False,2,"{""<=50K"": 0.863435, "">50K"": 0.136565}"
12106,age=33 | sex=Male | native-country=United-States | relationship=Not-in-family,age=33 | native-country=United-States,sex=Male | relationship=Not-in-family,age=33 | native-country=North-America,27892,27892,3837,3837,3837,24055,0.862434,True,True,False,False,<=50K,<=50K,0.863435,0.863435,False,2,"{""<=50K"": 0.863435, "">50K"": 0.136565}"
16322,age=39 | sex=Female | native-country=United-States | relationship=Other-relative,age=39 | native-country=United-States,sex=Female | relationship=Other-relative,age=39 | native-country=North-America,27892,27892,252,252,252,27640,0.990965,True,True,False,False,<=50K,<=50K,0.956349,0.956349,False,2,"{""<=50K"": 0.956349, "">50K"": 0.043651}"
10281,age=17 | sex=Male | native-country=United-States | relationship=Own-child,age=17 | native-country=United-States,sex=Male | relationship=Own-child,age=17 | native-country=North-America,27892,27892,2524,2524,2524,25368,0.909508,True,True,False,False,<=50K,<=50K,0.986133,0.986133,False,2,"{""<=50K"": 0.986133, "">50K"": 0.013867}"
26477,age=36 | sex=Male | native-country=United-States | relationship=Husband,age=36 | native-country=United-States,sex=Male | relationship=Husband,age=36 | native-country=North-America,27892,27892,11886,11886,11886,16006,0.573856,True,True,False,False,>50K,<=50K,0.541057,0.458943,False,2,"{""<=50K"": 0.541057, "">50K"": 0.458943}"
25627,age=44 | sex=Male | native-country=United-States | relationship=Not-in-family,age=44 | native-country=United-States,sex=Male | relationship=Not-in-family,age=44 | native-country=North-America,27892,27892,3837,3837,3837,24055,0.862434,True,True,False,False,>50K,<=50K,0.863435,0.136565,False,2,"{""<=50K"": 0.863435, "">50K"": 0.136565}"
21796,age=40 | sex=Male | native-country=United-States | relationship=Husband,age=40 | native-country=United-States,sex=Male | relationship=Husband,age=40 | native-country=North-America,27892,27892,11886,11886,11886,16006,0.573856,True,True,False,False,>50K,<=50K,0.541057,0.458943,False,2,"{""<=50K"": 0.541057, "">50K"": 0.458943}"
12559,age=47 | sex=Female | native-country=United-States | relationship=Unmarried,age=47 | native-country=United-States,sex=Female | relationship=Unmarried,age=47 | native-country=North-America,27892,27892,1923,1923,1923,25969,0.931055,True,True,False,False,<=50K,<=50K,0.947478,0.947478,False,2,"{""<=50K"": 0.947478, "">50K"": 0.052522}"
11921,age=38 | sex=Female | native-country=United-States | relationship=Wife,age=38 | native-country=United-States,sex=Female | relationship=Wife,age=38 | native-country=North-America,27892,27892,1354,1354,1354,26538,0.951456,True,True,False,False,>50K,<=50K,0.502954,0.497046,False,2,"{""<=50K"": 0.502954, "">50K"": 0.497046}"
4183,age=23 | sex=Male | native-country=United-States | relationship=Not-in-family,age=23 | native-country=United-States,sex=Male | relationship=Not-in-family,age=23 | native-country=North-America,27892,27892,3837,3837,3837,24055,0.862434,True,True,False,False,<=50K,<=50K,0.863435,0.863435,False,2,"{""<=50K"": 0.863435, "">50K"": 0.136565}"
12050,age=54 | sex=Female | native-country=United-States | relationship=Not-in-family,age=54 | native-country=United-States,sex=Female | relationship=Not-in-family,age=54 | native-country=North-America,27892,27892,3279,3279,3279,24613,0.882439,True,True,False,False,<=50K,<=50K,0.918573,0.918573,False,2,"{""<=50K"": 0.918573, "">50K"": 0.081427}"
14434,age=29 | sex=Male | native-country=United-States | relationship=Husband,age=29 | native-country=United-States,sex=Male | relationship=Husband,age=29 | native-country=North-America,27892,27892,11886,11886,11886,16006,0.573856,True,True,False,False,<=50K,<=50K,0.541057,0.541057,False,2,"{""<=50K"": 0.541057, "">50K"": 0.458943}"
22013,age=69 | sex=Male | native-country=United-States | relationship=Husband,age=69 | native-country=United-States,sex=Male | relationship=Husband,age=69 | native-country=North-America,27892,27892,11886,11886,11886,16006,0.573856,True,True,False,False,<=50K,<=50K,0.541057,0.541057,False,2,"{""<=50K"": 0.541057, "">50K"": 0.458943}"
20043,age=23 | sex=Male | native-country=United-States | relationship=Husband,age=23 | native-country=United-States,sex=Male | relationship=Husband,age=23 | native-country=North-America,27892,27892,11886,11886,11886,16006,0.573856,True,True,False,False,<=50K,<=50K,0.541057,0.541057,False,2,"{""<=50K"": 0.541057, "">50K"": 0.458943}"
17778,age=39 | sex=Male | native-country=United-States | relationship=Husband,age=39 | native-country=United-States,sex=Male | relationship=Husband,age=39 | native-country=North-America,27892,27892,11886,11886,11886,16006,0.573856,True,True,False,False,>50K,<=50K,0.541057,0.458943,False,2,"{""<=50K"": 0.541057, "">50K"": 0.458943}"
14789,age=23 | sex=Female | native-country=United-States | relationship=Not-in-family,age=23 | native-country=United-States,sex=Female | relationship=Not-in-family,age=23 | native-country=North-America,27892,27892,3279,3279,3279,24613,0.882439,True,True,False,False,<=50K,<=50K,0.918573,0.918573,False,2,"{""<=50K"": 0.918573, "">50K"": 0.081427}"
11479,age=37 | sex=Male | native-country=United-States | relationship=Husband,age=37 | native-country=United-States,sex=Male | relationship=Husband,age=37 | native-country=North-America,27892,27892,11886,11886,11886,16006,0.573856,True,True,False,False,<=50K,<=50K,0.541057,0.541057,False,2,"{""<=50K"": 0.541057, "">50K"": 0.458943}"
30269,age=29 | sex=Male | native-country=United-States | relationship=Husband,age=29 | native-country=United-States,sex=Male | relationship=Husband,age=29 | native-country=North-America,27892,27892,11886,11886,11886,16006,0.573856,True,True,False,False,<=50K,<=50K,0.541057,0.541057,False,2,"{""<=50K"": 0.541057, "">50K"": 0.458943}"
30691,age=20 | sex=Male | native-country=United-States | relationship=Own-child,age=20 | native-country=United-States,sex=Male | relationship=Own-child,age=20 | native-country=North-America,27892,27892,2524,2524,2524,25368,0.909508,True,True,False,False,<=50K,<=50K,0.986133,0.986133,False,2,"{""<=50K"": 0.986133, "">50K"": 0.013867}"
26938,age=35 | sex=Male | native-country=United-States | relationship=Husband,age=35 | native-country=United-States,sex=Male | relationship=Husband,age=35 | native-country=North-America,27892,27892,11886,11886,11886,16006,0.573856,True,True,False,False,>50K,<=50K,0.541057,0.458943,False,2,"{""<=50K"": 0.541057, "">50K"": 0.458943}"
19006,age=42 | sex=Male | native-country=United-States | relationship=Husband,age=42 | native-country=United-States,sex=Male | relationship=Husband,age=42 | native-country=North-America,27892,27892,11886,11886,11886,16006,0.573856,True,True,False,False,>50K,<=50K,0.541057,0.458943,False,2,"{""<=50K"": 0.541057, "">50K"": 0.458943}"
1605,age=67 | sex=Male | native-country=United-States | relationship=Husband,age=67 | native-country=United-States,sex=Male | relationship=Husband,age=67 | native-country=North-America,27892,27892,11886,11886,11886,16006,0.573856,True,True,False,False,<=50K,<=50K,0.541057,0.541057,False,2,"{""<=50K"": 0.541057, "">50K"": 0.458943}"
8523,age=34 | sex=Male | native-country=United-States | relationship=Not-in-family,age=34 | native-country=United-States,sex=Male | relationship=Not-in-family,age=34 | native-country=North-America,27892,27892,3837,3837,3837,24055,0.862434,True,True,False,False,<=50K,<=50K,0.863435,0.863435,False,2,"{""<=50K"": 0.863435, "">50K"": 0.136565}"
15139,age=22 | sex=Male | native-country=United-States | relationship=Own-child,age=22 | native-country=United-States,sex=Male | relationship=Own-child,age=22 | native-country=North-America,27892,27892,2524,2524,2524,25368,0.909508,True,True,False,False,<=50K,<=50K,0.986133,0.986133,False,2,"{""<=50K"": 0.986133, "">50K"": 0.013867}"
26708,age=65 | sex=Female | native-country=United-States | relationship=Not-in-family,age=65 | native-country=United-States,sex=Female | relationship=Not-in-family,age=65 | native-country=North-America,27892,27892,3279,3279,3279,24613,0.882439,True,True,False,False,<=50K,<=50K,0.918573,0.918573,False,2,"{""<=50K"": 0.918573, "">50K"": 0.081427}"
23099,age=20 | sex=Female | native-country=United-States | relationship=Not-in-family,age=20 | native-country=United-States,sex=Female | relationship=Not-in-family,age=20 | native-country=North-America,27892,27892,3279,3279,3279,24613,0.882439,True,True,False,False,<=50K,<=50K,0.918573,0.918573,False,2,"{""<=50K"": 0.918573, "">50K"": 0.081427}"
15944,age=60 | sex=Male | native-country=United-States | relationship=Husband,age=60 | native-country=United-States,sex=Male | relationship=Husband,age=60 | native-country=North-America,27892,27892,11886,11886,11886,16006,0.573856,True,True,False,False,>50K,<=50K,0.541057,0.458943,False,2,"{""<=50K"": 0.541057, "">50K"": 0.458943}"
11568,age=32 | sex=Male | native-country=United-States | relationship=Husband,age=32 | native-country=United-States,sex=Male | relationship=Husband,age=32 | native-country=North-America,27892,27892,11886,11886,11886,16006,0.573856,True,True,False,False,<=50K,<=50K,0.541057,0.541057,False,2,"{""<=50K"": 0.541057, "">50K"": 0.458943}"
18374,age=39 | sex=Male | native-country=United-States | relationship=Husband,age=39 | native-country=United-States,sex=Male | relationship=Husband,age=39 | native-country=North-America,27892,27892,11886,11886,11886,16006,0.573856,True,True,False,False,<=50K,<=50K,0.541057,0.541057,False,2,"{""<=50K"": 0.541057, "">50K"": 0.458943}"
16469,age=18 | sex=Female | native-country=United-States | relationship=Own-child,age=18 | native-country=United-States,sex=Female | relationship=Own-child,age=18 | native-country=North-America,27892,27892,1824,1824,1824,26068,0.934605,True,True,False,False,<=50K,<=50K,0.98739,0.98739,False,2,"{""<=50K"": 0.98739, "">50K"": 0.01261}"
19355,age=39 | sex=Male | native-country=United-States | relationship=Husband,age=39 | native-country=United-States,sex=Male | relationship=Husband,age=39 | native-country=North-America,27892,27892,11886,11886,11886,16006,0.573856,True,True,False,False,>50K,<=50K,0.541057,0.458943,False,2,"{""<=50K"": 0.541057, "">50K"": 0.458943}"
1575,age=52 | sex=Male | native-country=United-States | relationship=Husband,age=52 | native-country=United-States,sex=Male | relationship=Husband,age=52 | native-country=North-America,27892,27892,11886,11886,11886,16006,0.573856,True,True,False,False,<=50K,<=50K,0.541057,0.541057,False,2,"{""<=50K"": 0.541057, "">50K"": 0.458943}"
11218,age=29 | sex=Male | native-country=United-States | relationship=Husband,age=29 | native-country=United-States,sex=Male | relationship=Husband,age=29 | native-country=North-America,27892,27892,11886,11886,11886,16006,0.573856,True,True,False,False,<=50K,<=50K,0.541057,0.541057,False,2,"{""<=50K"": 0.541057, "">50K"": 0.458943}"
10697,age=18 | sex=Male | native-country=United-States | relationship=Own-child,age=18 | native-country=United-States,sex=Male | relationship=Own-child,age=18 | native-country=North-America,27892,27892,2524,2524,2524,25368,0.909508,True,True,False,False,<=50K,<=50K,0.986133,0.986133,False,2,"{""<=50K"": 0.986133, "">50K"": 0.013867}"
18014,age=36 | sex=Male | native-country=United-States | relationship=Husband,age=36 | native-country=United-States,sex=Male | relationship=Husband,age=36 | native-country=North-America,27892,27892,11886,11886,11886,16006,0.573856,True,True,False,False,>50K,<=50K,0.541057,0.458943,False,2,"{""<=50K"": 0.541057, "">50K"": 0.458943}"
1522,age=30 | sex=Female | native-country=United-States | relationship=Unmarried,age=30 | native-country=United-States,sex=Female | relationship=Unmarried,age=30 | native-country=North-America,27892,27892,1923,1923,1923,25969,0.931055,True,True,False,False,<=50K,<=50K,0.947478,0.947478,False,2,"{""<=50K"": 0.947478, "">50K"": 0.052522}"
2021,age=36 | sex=Male | native-country=England | relationship=Not-in-family,age=36 | native-country=England,sex=Male | relationship=Not-in-family,age=36 | native-country=Western-Europe,246,246,20,20,20,226,0.918699,True,True,False,False,<=50K,<=50K,0.8,0.8,False,2,"{""<=50K"": 0.8, "">50K"": 0.2}"
13149,age=47 | sex=Female | native-country=United-States | relationship=Unmarried,age=47 | native-country=United-States,sex=Female | relationship=Unmarried,age=47 | native-country=North-America,27892,27892,1923,1923,1923,25969,0.931055,True,True,False,False,<=50K,<=50K,0.947478,0.947478,False,2,"{""<=50K"": 0.947478, "">50K"": 0.052522}"
11268,age=32 | sex=Female | native-country=United-States | relationship=Unmarried,age=32 | native-country=United-States,sex=Female | relationship=Unmarried,age=32 | native-country=North-America,27892,27892,1923,1923,1923,25969,0.931055,True,True,False,False,<=50K,<=50K,0.947478,0.947478,False,2,"{""<=50K"": 0.947478, "">50K"": 0.052522}"
9668,age=31 | sex=Male | native-country=United-States | relationship=Husband,age=31 | native-country=United-States,sex=Male | relationship=Husband,age=31 | native-country=North-America,27892,27892,11886,11886,11886,16006,0.573856,True,True,False,False,<=50K,<=50K,0.541057,0.541057,False,2,"{""<=50K"": 0.541057, "">50K"": 0.458943}"
21526,age=37 | sex=Male | native-country=United-States | relationship=Husband,age=37 | native-country=United-States,sex=Male | relationship=Husband,age=37 | native-country=North-America,27892,27892,11886,11886,11886,16006,0.573856,True,True,False,False,<=50K,<=50K,0.541057,0.541057,False,2,"{""<=50K"": 0.541057, "">50K"": 0.458943}"
6478,age=43 | sex=Male | native-country=United-States | relationship=Husband,age=43 | native-country=United-States,sex=Male | relationship=Husband,age=43 | native-country=North-America,27892,27892,11886,11886,11886,16006,0.573856,True,True,False,False,>50K,<=50K,0.541057,0.458943,False,2,"{""<=50K"": 0.541057, "">50K"": 0.458943}"
15211,age=36 | sex=Male | native-country=United-States | relationship=Not-in-family,age=36 | native-country=United-States,sex=Male | relationship=Not-in-family,age=36 | native-country=North-America,27892,27892,3837,3837,3837,24055,0.862434,True,True,False,False,>50K,<=50K,0.863435,0.136565,False,2,"{""<=50K"": 0.863435, "">50K"": 0.136565}"
17220,age=39 | sex=Male | native-country=United-States | relationship=Own-child,age=39 | native-country=United-States,sex=Male | relationship=Own-child,age=39 | native-country=North-America,27892,27892,2524,2524,2524,25368,0.909508,True,True,False,False,<=50K,<=50K,0.986133,0.986133,False,2,"{""<=50K"": 0.986133, "">50K"": 0.013867}"
15312,age=32 | sex=Male | native-country=United-States | relationship=Not-in-family,age=32 | native-country=United-States,sex=Male | relationship=Not-in-family,age=32 | native-country=North-America,27892,27892,3837,3837,3837,24055,0.862434,True,True,False,False,<=50K,<=50K,0.863435,0.863435,False,2,"{""<=50K"": 0.863435, "">50K"": 0.136565}"
9223,age=47 | sex=Male | native-country=United-States | relationship=Other-relative,age=47 | native-country=United-States,sex=Male | relationship=Other-relative,age=47 | native-country=North-America,27892,27892,364,364,364,27528,0.98695,True,True,False,False,<=50K,<=50K,0.953297,0.953297,False,2,"{""<=50K"": 0.953297, "">50K"": 0.046703}"
25644,age=27 | sex=Female | native-country=United-States | relationship=Own-child,age=27 | native-country=United-States,sex=Female | relationship=Own-child,age=27 | native-country=North-America,27892,27892,1824,1824,1824,26068,0.934605,True,True,False,False,<=50K,<=50K,0.98739,0.98739,False,2,"{""<=50K"": 0.98739, "">50K"": 0.01261}"
20250,age=59 | sex=Male | native-country=United-States | relationship=Husband,age=59 | native-country=United-States,sex=Male | relationship=Husband,age=59 | native-country=North-America,27892,27892,11886,11886,11886,16006,0.573856,True,True,False,False,<=50K,<=50K,0.541057,0.541057,False,2,"{""<=50K"": 0.541057, "">50K"": 0.458943}"
31195,age=36 | sex=Male | native-country=United-States | relationship=Not-in-family,age=36 | native-country=United-States,sex=Male | relationship=Not-in-family,age=36 | native-country=North-America,27892,27892,3837,3837,3837,24055,0.862434,True,True,False,False,<=50K,<=50K,0.863435,0.863435,False,2,"{""<=50K"": 0.863435, "">50K"": 0.136565}"
26357,age=23 | sex=Female | native-country=United-States | relationship=Own-child,age=23 | native-country=United-States,sex=Female | relationship=Own-child,age=23 | native-country=North-America,27892,27892,1824,1824,1824,26068,0.934605,True,True,False,False,<=50K,<=50K,0.98739,0.98739,False,2,"{""<=50K"": 0.98739, "">50K"": 0.01261}"
11536,age=63 | sex=Male | native-country=United-States | relationship=Husband,age=63 | native-country=United-States,sex=Male | relationship=Husband,age=63 | native-country=North-America,27892,27892,11886,11886,11886,16006,0.573856,True,True,False,False,<=50K,<=50K,0.541057,0.541057,False,2,"{""<=50K"": 0.541057, "">50K"": 0.458943}"
26222,age=47 | sex=Male | native-country=United-States | relationship=Not-in-family,age=47 | native-country=United-States,sex=Male | relationship=Not-in-family,age=47 | native-country=North-America,27892,27892,3837,3837,3837,24055,0.862434,True,True,False,False,>50K,<=50K,0.863435,0.136565,False,2,"{""<=50K"": 0.863435, "">50K"": 0.136565}"
17633,age=62 | sex=Male | native-country=United-States | relationship=Husband,age=62 | native-country=United-States,sex=Male | relationship=Husband,age=62 | native-country=North-America,27892,27892,11886,11886,11886,16006,0.573856,True,True,False,False,<=50K,<=50K,0.541057,0.541057,False,2,"{""<=50K"": 0.541057, "">50K"": 0.458943}"
22108,age=48 | sex=Female | native-country=United-States | relationship=Not-in-family,age=48 | native-country=United-States,sex=Female | relationship=Not-in-family,age=48 | native-country=North-America,27892,27892,3279,3279,3279,24613,0.882439,True,True,False,False,<=50K,<=50K,0.918573,0.918573,False,2,"{""<=50K"": 0.918573, "">50K"": 0.081427}"
16972,age=34 | sex=Female | native-country=United-States | relationship=Unmarried,age=34 | native-country=United-States,sex=Female | relationship=Unmarried,age=34 | native-country=North-America,27892,27892,1923,1923,1923,25969,0.931055,True,True,False,False,<=50K,<=50K,0.947478,0.947478,False,2,"{""<=50K"": 0.947478, "">50K"": 0.052522}"
3489,age=36 | sex=Female | native-country=United-States | relationship=Wife,age=36 | native-country=United-States,sex=Female | relationship=Wife,age=36 | native-country=North-America,27892,27892,1354,1354,1354,26538,0.951456,True,True,False,False,>50K,<=50K,0.502954,0.497046,False,2,"{""<=50K"": 0.502954, "">50K"": 0.497046}"
21295,age=23 | sex=Male | native-country=United-States | relationship=Own-child,age=23 | native-country=United-States,sex=Male | relationship=Own-child,age=23 | native-country=North-America,27892,27892,2524,2524,2524,25368,0.909508,True,True,False,False,<=50K,<=50K,0.986133,0.986133,False,2,"{""<=50K"": 0.986133, "">50K"": 0.013867}"
26561,age=34 | sex=Female | native-country=United-States | relationship=Wife,age=34 | native-country=United-States,sex=Female | relationship=Wife,age=34 | native-country=North-America,27892,27892,1354,1354,1354,26538,0.951456,True,True,False,False,<=50K,<=50K,0.502954,0.502954,False,2,"{""<=50K"": 0.502954, "">50K"": 0.497046}"
18500,age=55 | sex=Male | native-country=United-States | relationship=Husband,age=55 | native-country=United-States,sex=Male | relationship=Husband,age=55 | native-country=North-America,27892,27892,11886,11886,11886,16006,0.573856,True,True,False,False,<=50K,<=50K,0.541057,0.541057,False,2,"{""<=50K"": 0.541057, "">50K"": 0.458943}"
4582,age=37 | sex=Female | native-country=United-States | relationship=Not-in-family,age=37 | native-country=United-States,sex=Female | relationship=Not-in-family,age=37 | native-country=North-America,27892,27892,3279,3279,3279,24613,0.882439,True,True,False,False,<=50K,<=50K,0.918573,0.918573,False,2,"{""<=50K"": 0.918573, "">50K"": 0.081427}"
27812,age=28 | sex=Female | native-country=United-States | relationship=Own-child,age=28 | native-country=United-States,sex=Female | relationship=Own-child,age=28 | native-country=North-America,27892,27892,1824,1824,1824,26068,0.934605,True,True,False,False,<=50K,<=50K,0.98739,0.98739,False,2,"{""<=50K"": 0.98739, "">50K"": 0.01261}"
14432,age=21 | sex=Male | native-country=United-States | relationship=Own-child,age=21 | native-country=United-States,sex=Male | relationship=Own-child,age=21 | native-country=North-America,27892,27892,2524,2524,2524,25368,0.909508,True,True,False,False,<=50K,<=50K,0.986133,0.986133,False,2,"{""<=50K"": 0.986133, "">50K"": 0.013867}"
4878,age=46 | sex=Female | native-country=United-States | relationship=Wife,age=46 | native-country=United-States,sex=Female | relationship=Wife,age=46 | native-country=North-America,27892,27892,1354,1354,1354,26538,0.951456,True,True,False,False,>50K,<=50K,0.502954,0.497046,False,2,"{""<=50K"": 0.502954, "">50K"": 0.497046}"
24527,age=63 | sex=Male | native-country=United-States | relationship=Husband,age=63 | native-country=United-States,sex=Male | relationship=Husband,age=63 | native-country=North-America,27892,27892,11886,11886,11886,16006,0.573856,True,True,False,False,<=50K,<=50K,0.541057,0.541057,False,2,"{""<=50K"": 0.541057, "">50K"": 0.458943}"
3752,age=47 | sex=Male | native-country=United-States | relationship=Husband,age=47 | native-country=United-States,sex=Male | relationship=Husband,age=47 | native-country=North-America,27892,27892,11886,11886,11886,16006,0.573856,True,True,False,False,<=50K,<=50K,0.541057,0.541057,False,2,"{""<=50K"": 0.541057, "">50K"": 0.458943}"
13164,age=39 | sex=Male | native-country=United-States | relationship=Husband,age=39 | native-country=United-States,sex=Male | relationship=Husband,age=39 | native-country=North-America,27892,27892,11886,11886,11886,16006,0.573856,True,True,False,False,<=50K,<=50K,0.541057,0.541057,False,2,"{""<=50K"": 0.541057, "">50K"": 0.458943}"
27061,age=45 | sex=Male | native-country=United-States | relationship=Not-in-family,age=45 | native-country=United-States,sex=Male | relationship=Not-in-family,age=45 | native-country=North-America,27892,27892,3837,3837,3837,24055,0.862434,True,True,False,False,<=50K,<=50K,0.863435,0.863435,False,2,"{""<=50K"": 0.863435, "">50K"": 0.136565}"
8260,age=25 | sex=Male | native-country=United-States | relationship=Not-in-family,age=25 | native-country=United-States,sex=Male | relationship=Not-in-family,age=25 | native-country=North-America,27892,27892,3837,3837,3837,24055,0.862434,True,True,False,False,<=50K,<=50K,0.863435,0.863435,False,2,"{""<=50K"": 0.863435, "">50K"": 0.136565}"
14616,age=18 | sex=Female | native-country=United-States | relationship=Own-child,age=18 | native-country=United-States,sex=Female | relationship=Own-child,age=18 | native-country=North-America,27892,27892,1824,1824,1824,26068,0.934605,True,True,False,False,<=50K,<=50K,0.98739,0.98739,False,2,"{""<=50K"": 0.98739, "">50K"": 0.01261}"
19038,age=52 | sex=Male | native-country=Philippines | relationship=Husband,age=52 | native-country=Philippines,sex=Male | relationship=Husband,age=52 | native-country=Southeast-Asia,194,194,101,101,101,93,0.479381,True,True,False,False,<=50K,<=50K,0.524752,0.524752,False,2,"{""<=50K"": 0.524752, "">50K"": 0.475248}"
20468,age=57 | sex=Male | native-country=United-States | relationship=Husband,age=57 | native-country=United-States,sex=Male | relationship=Husband,age=57 | native-country=North-America,27892,27892,11886,11886,11886,16006,0.573856,True,True,False,False,<=50K,<=50K,0.541057,0.541057,False,2,"{""<=50K"": 0.541057, "">50K"": 0.458943}"
18882,age=43 | sex=Male | native-country=United-States | relationship=Husband,age=43 | native-country=United-States,sex=Male | relationship=Husband,age=43 | native-country=North-America,27892,27892,11886,11886,11886,16006,0.573856,True,True,False,False,>50K,<=50K,0.541057,0.458943,False,2,"{""<=50K"": 0.541057, "">50K"": 0.458943}"
8187,age=68 | sex=Female | native-country=United-States | relationship=Not-in-family,age=68 | native-country=United-States,sex=Female | relationship=Not-in-family,age=68 | native-country=North-America,27892,27892,3279,3279,3279,24613,0.882439,True,True,False,False,<=50K,<=50K,0.918573,0.918573,False,2,"{""<=50K"": 0.918573, "">50K"": 0.081427}"
18064,age=31 | sex=Female | native-country=United-States | relationship=Wife,age=31 | native-country=United-States,sex=Female | relationship=Wife,age=31 | native-country=North-America,27892,27892,1354,1354,1354,26538,0.951456,True,True,False,False,>50K,<=50K,0.502954,0.497046,False,2,"{""<=50K"": 0.502954, "">50K"": 0.497046}"
3205,age=31 | sex=Male | native-country=United-States | relationship=Unmarried,age=31 | native-country=United-States,sex=Male | relationship=Unmarried,age=31 | native-country=North-America,27892,27892,647,647,647,27245,0.976803,True,True,False,False,<=50K,<=50K,0.854714,0.854714,False,2,"{""<=50K"": 0.854714, "">50K"": 0.145286}"
24580,age=21 | sex=Male | native-country=United-States | relationship=Own-child,age=21 | native-country=United-States,sex=Male | relationship=Own-child,age=21 | native-country=North-America,27892,27892,2524,2524,2524,25368,0.909508,True,True,False,False,<=50K,<=50K,0.986133,0.986133,False,2,"{""<=50K"": 0.986133, "">50K"": 0.013867}"
12567,age=41 | sex=Male | native-country=United-States | relationship=Husband,age=41 | native-country=United-States,sex=Male | relationship=Husband,age=41 | native-country=North-America,27892,27892,11886,11886,11886,16006,0.573856,True,True,False,False,>50K,<=50K,0.541057,0.458943,False,2,"{""<=50K"": 0.541057, "">50K"": 0.458943}"
19287,age=29 | sex=Female | native-country=United-States | relationship=Not-in-family,age=29 | native-country=United-States,sex=Female | relationship=Not-in-family,age=29 | native-country=North-America,27892,27892,3279,3279,3279,24613,0.882439,True,True,False,False,<=50K,<=50K,0.918573,0.918573,False,2,"{""<=50K"": 0.918573, "">50K"": 0.081427}"
7434,age=33 | sex=Female | native-country=United-States | relationship=Wife,age=33 | native-country=United-States,sex=Female | relationship=Wife,age=33 | native-country=North-America,27892,27892,1354,1354,1354,26538,0.951456,True,True,False,False,<=50K,<=50K,0.502954,0.502954,False,2,"{""<=50K"": 0.502954, "">50K"": 0.497046}"
16371,age=41 | sex=Male | native-country=United-States | relationship=Husband,age=41 | native-country=United-States,sex=Male | relationship=Husband,age=41 | native-country=North-America,27892,27892,11886,11886,11886,16006,0.573856,True,True,False,False,<=50K,<=50K,0.541057,0.541057,False,2,"{""<=50K"": 0.541057, "">50K"": 0.458943}"
30065,age=36 | sex=Male | native-country=El-Salvador | relationship=Husband,age=36 | native-country=El-Salvador,sex=Male | relationship=Husband,age=36 | native-country=Central-America,492,492,272,272,272,220,0.447154,True,True,False,False,<=50K,<=50K,0.908088,0.908088,False,2,"{""<=50K"": 0.908088, "">50K"": 0.091912}"
29185,age=48 | sex=Female | native-country=United-States | relationship=Unmarried,age=48 | native-country=United-States,sex=Female | relationship=Unmarried,age=48 | native-country=North-America,27892,27892,1923,1923,1923,25969,0.931055,True,True,False,False,>50K,<=50K,0.947478,0.052522,False,2,"{""<=50K"": 0.947478, "">50K"": 0.052522}"
3566,age=24 | sex=Male | native-country=United-States | relationship=Not-in-family,age=24 | native-country=United-States,sex=Male | relationship=Not-in-family,age=24 | native-country=North-America,27892,27892,3837,3837,3837,24055,0.862434,True,True,False,False,<=50K,<=50K,0.863435,0.863435,False,2,"{""<=50K"": 0.863435, "">50K"": 0.136565}"
6766,age=71 | sex=Male | native-country=United-States | relationship=Husband,age=71 | native-country=United-States,sex=Male | relationship=Husband,age=71 | native-country=North-America,27892,27892,11886,11886,11886,16006,0.573856,True,True,False,False,<=50K,<=50K,0.541057,0.541057,False,2,"{""<=50K"": 0.541057, "">50K"": 0.458943}"
22401,age=40 | sex=Female | native-country=United-States | relationship=Not-in-family,age=40 | native-country=United-States,sex=Female | relationship=Not-in-family,age=40 | native-country=North-America,27892,27892,3279,3279,3279,24613,0.882439,True,True,False,False,<=50K,<=50K,0.918573,0.918573,False,2,"{""<=50K"": 0.918573, "">50K"": 0.081427}"
7316,age=23 | sex=Male | native-country=United-States | relationship=Not-in-family,age=23 | native-country=United-States,sex=Male | relationship=Not-in-family,age=23 | native-country=North-America,27892,27892,3837,3837,3837,24055,0.862434,True,True,False,False,<=50K,<=50K,0.863435,0.863435,False,2,"{""<=50K"": 0.863435, "">50K"": 0.136565}"
10028,age=35 | sex=Male | native-country=United-States | relationship=Husband,age=35 | native-country=United-States,sex=Male | relationship=Husband,age=35 | native-country=North-America,27892,27892,11886,11886,11886,16006,0.573856,True,True,False,False,>50K,<=50K,0.541057,0.458943,False,2,"{""<=50K"": 0.541057, "">50K"": 0.458943}"
19028,age=61 | sex=Male | native-country=United-States | relationship=Husband,age=61 | native-country=United-States,sex=Male | relationship=Husband,age=61 | native-country=North-America,27892,27892,11886,11886,11886,16006,0.573856,True,True,False,False,>50K,<=50K,0.541057,0.458943,False,2,"{""<=50K"": 0.541057, "">50K"": 0.458943}"
27806,age=32 | sex=Female | native-country=United-States | relationship=Not-in-family,age=32 | native-country=United-States,sex=Female | relationship=Not-in-family,age=32 | native-country=North-America,27892,27892,3279,3279,3279,24613,0.882439,True,True,False,False,<=50K,<=50K,0.918573,0.918573,False,2,"{""<=50K"": 0.918573, "">50K"": 0.081427}"
25933,age=38 | sex=Male | native-country=United-States | relationship=Husband,age=38 | native-country=United-States,sex=Male | relationship=Husband,age=38 | native-country=North-America,27892,27892,11886,11886,11886,16006,0.573856,True,True,False,False,>50K,<=50K,0.541057,0.458943,False,2,"{""<=50K"": 0.541057, "">50K"": 0.458943}"
19499,age=45 | sex=Male | native-country=United-States | relationship=Husband,age=45 | native-country=United-States,sex=Male | relationship=Husband,age=45 | native-country=North-America,27892,27892,11886,11886,11886,16006,0.573856,True,True,False,False,>50K,<=50K,0.541057,0.458943,False,2,"{""<=50K"": 0.541057, "">50K"": 0.458943}"
28116,age=44 | sex=Male | native-country=United-States | relationship=Husband,age=44 | native-country=United-States,sex=Male | relationship=Husband,age=44 | native-country=North-America,27892,27892,11886,11886,11886,16006,0.573856,True,True,False,False,>50K,<=50K,0.541057,0.458943,False,2,"{""<=50K"": 0.541057, "">50K"": 0.458943}"
5419,age=28 | sex=Male | native-country=United-States | relationship=Husband,age=28 | native-country=United-States,sex=Male | relationship=Husband,age=28 | native-country=North-America,27892,27892,11886,11886,11886,16006,0.573856,True,True,False,False,<=50K,<=50K,0.541057,0.541057,False,2,"{""<=50K"": 0.541057, "">50K"": 0.458943}"
20397,age=30 | sex=Female | native-country=United-States | relationship=Unmarried,age=30 | native-country=United-States,sex=Female | relationship=Unmarried,age=30 | native-country=North-America,27892,27892,1923,1923,1923,25969,0.931055,True,True,False,False,<=50K,<=50K,0.947478,0.947478,False,2,"{""<=50K"": 0.947478, "">50K"": 0.052522}"
15844,age=59 | sex=Male | native-country=United-States | relationship=Not-in-family,age=59 | native-country=United-States,sex=Male | relationship=Not-in-family,age=59 | native-country=North-America,27892,27892,3837,3837,3837,24055,0.862434,True,True,False,False,<=50K,<=50K,0.863435,0.863435,False,2,"{""<=50K"": 0.863435, "">50K"": 0.136565}"
12396,age=35 | sex=Male | native-country=United-States | relationship=Not-in-family,age=35 | native-country=United-States,sex=Male | relationship=Not-in-family,age=35 | native-country=North-America,27892,27892,3837,3837,3837,24055,0.862434,True,True,False,False,<=50K,<=50K,0.863435,0.863435,False,2,"{""<=50K"": 0.863435, "">50K"": 0.136565}"
16787,age=17 | sex=Male | native-country=United-States | relationship=Own-child,age=17 | native-country=United-States,sex=Male | relationship=Own-child,age=17 | native-country=North-America,27892,27892,2524,2524,2524,25368,0.909508,True,True,False,False,<=50K,<=50K,0.986133,0.986133,False,2,"{""<=50K"": 0.986133, "">50K"": 0.013867}"
32439,age=23 | sex=Male | native-country=United-States | relationship=Own-child,age=23 | native-country=United-States,sex=Male | relationship=Own-child,age=23 | native-country=North-America,27892,27892,2524,2524,2524,25368,0.909508,True,True,False,False,<=50K,<=50K,0.986133,0.986133,False,2,"{""<=50K"": 0.986133, "">50K"": 0.013867}"
18346,age=43 | sex=Female | native-country=United-States | relationship=Not-in-family,age=43 | native-country=United-States,sex=Female | relationship=Not-in-family,age=43 | native-country=North-America,27892,27892,3279,3279,3279,24613,0.882439,True,True,False,False,<=50K,<=50K,0.918573,0.918573,False,2,"{""<=50K"": 0.918573, "">50K"": 0.081427}"
3336,age=33 | sex=Female | native-country=United-States | relationship=Wife,age=33 | native-country=United-States,sex=Female | relationship=Wife,age=33 | native-country=North-America,27892,27892,1354,1354,1354,26538,0.951456,True,True,False,False,>50K,<=50K,0.502954,0.497046,False,2,"{""<=50K"": 0.502954, "">50K"": 0.497046}"
23658,age=48 | sex=Male | native-country=United-States | relationship=Unmarried,age=48 | native-country=United-States,sex=Male | relationship=Unmarried,age=48 | native-country=North-America,27892,27892,647,647,647,27245,0.976803,True,True,False,False,<=50K,<=50K,0.854714,0.854714,False,2,"{""<=50K"": 0.854714, "">50K"": 0.145286}"
5585,age=55 | sex=Female | native-country=United-States | relationship=Unmarried,age=55 | native-country=United-States,sex=Female | relationship=Unmarried,age=55 | native-country=North-America,27892,27892,1923,1923,1923,25969,0.931055,True,True,False,False,<=50K,<=50K,0.947478,0.947478,False,2,"{""<=50K"": 0.947478, "">50K"": 0.052522}"
26725,age=56 | sex=Female | native-country=United-States | relationship=Wife,age=56 | native-country=United-States,sex=Female | relationship=Wife,age=56 | native-country=North-America,27892,27892,1354,1354,1354,26538,0.951456,True,True,False,False,>50K,<=50K,0.502954,0.497046,False,2,"{""<=50K"": 0.502954, "">50K"": 0.497046}"
28924,age=42 | sex=Male | native-country=Philippines | relationship=Husband,age=42 | native-country=Philippines,sex=Male | relationship=Husband,age=42 | native-country=Southeast-Asia,194,194,101,101,101,93,0.479381,True,True,False,False,>50K,<=50K,0.524752,0.475248,False,2,"{""<=50K"": 0.524752, "">50K"": 0.475248}"
14949,age=36 | sex=Female | native-country=United-States | relationship=Wife,age=36 | native-country=United-States,sex=Female | relationship=Wife,age=36 | native-country=North-America,27892,27892,1354,1354,1354,26538,0.951456,True,True,False,False,>50K,<=50K,0.502954,0.497046,False,2,"{""<=50K"": 0.502954, "">50K"": 0.497046}"
9428,age=32 | sex=Male | native-country=United-States | relationship=Unmarried,age=32 | native-country=United-States,sex=Male | relationship=Unmarried,age=32 | native-country=North-America,27892,27892,647,647,647,27245,0.976803,True,True,False,False,<=50K,<=50K,0.854714,0.854714,False,2,"{""<=50K"": 0.854714, "">50K"": 0.145286}"
16893,age=54 | sex=Male | native-country=United-States | relationship=Husband,age=54 | native-country=United-States,sex=Male | relationship=Husband,age=54 | native-country=North-America,27892,27892,11886,11886,11886,16006,0.573856,True,True,False,False,<=50K,<=50K,0.541057,0.541057,False,2,"{""<=50K"": 0.541057, "">50K"": 0.458943}"
2879,age=22 | sex=Male | native-country=United-States | relationship=Other-relative,age=22 | native-country=United-States,sex=Male | relationship=Other-relative,age=22 | native-country=North-America,27892,27892,364,364,364,27528,0.98695,True,True,False,False,<=50K,<=50K,0.953297,0.953297,False,2,"{""<=50K"": 0.953297, "">50K"": 0.046703}"
10795,age=43 | sex=Female | native-country=United-States | relationship=Unmarried,age=43 | native-country=United-States,sex=Female | relationship=Unmarried,age=43 | native-country=North-America,27892,27892,1923,1923,1923,25969,0.931055,True,True,False,False,<=50K,<=50K,0.947478,0.947478,False,2,"{""<=50K"": 0.947478, "">50K"": 0.052522}"
12946,age=64 | sex=Female | native-country=United-States | relationship=Not-in-family,age=64 | native-country=United-States,sex=Female | relationship=Not-in-family,age=64 | native-country=North-America,27892,27892,3279,3279,3279,24613,0.882439,True,True,False,False,<=50K,<=50K,0.918573,0.918573,False,2,"{""<=50K"": 0.918573, "">50K"": 0.081427}"
12250,age=51 | sex=Male | native-country=United-States | relationship=Husband,age=51 | native-country=United-States,sex=Male | relationship=Husband,age=51 | native-country=North-America,27892,27892,11886,11886,11886,16006,0.573856,True,True,False,False,<=50K,<=50K,0.541057,0.541057,False,2,"{""<=50K"": 0.541057, "">50K"": 0.458943}"
21980,age=48 | sex=Female | native-country=United-States | relationship=Not-in-family,age=48 | native-country=United-States,sex=Female | relationship=Not-in-family,age=48 | native-country=North-America,27892,27892,3279,3279,3279,24613,0.882439,True,True,False,False,<=50K,<=50K,0.918573,0.918573,False,2,"{""<=50K"": 0.918573, "">50K"": 0.081427}"
26862,age=48 | sex=Male | native-country=Japan | relationship=Husband,age=48 | native-country=Japan,sex=Male | relationship=Husband,age=48 | native-country=East-Asia,144,144,109,109,109,35,0.243056,True,True,False,False,<=50K,>50K,0.513761,0.486239,False,2,"{"">50K"": 0.513761, ""<=50K"": 0.486239}"
6087,age=19 | sex=Male | native-country=United-States | relationship=Own-child,age=19 | native-country=United-States,sex=Male | relationship=Own-child,age=19 | native-country=North-America,27892,27892,2524,2524,2524,25368,0.909508,True,True,False,False,<=50K,<=50K,0.986133,0.986133,False,2,"{""<=50K"": 0.986133, "">50K"": 0.013867}"
26968,age=26 | sex=Male | native-country=United-States | relationship=Husband,age=26 | native-country=United-States,sex=Male | relationship=Husband,age=26 | native-country=North-America,27892,27892,11886,11886,11886,16006,0.573856,True,True,False,False,<=50K,<=50K,0.541057,0.541057,False,2,"{""<=50K"": 0.541057, "">50K"": 0.458943}"
14134,age=35 | sex=Male | native-country=United-States | relationship=Husband,age=35 | native-country=United-States,sex=Male | relationship=Husband,age=35 | native-country=North-America,27892,27892,11886,11886,11886,16006,0.573856,True,True,False,False,<=50K,<=50K,0.541057,0.541057,False,2,"{""<=50K"": 0.541057, "">50K"": 0.458943}"
17615,age=35 | sex=Male | native-country=United-States | relationship=Own-child,age=35 | native-country=United-States,sex=Male | relationship=Own-child,age=35 | native-country=North-America,27892,27892,2524,2524,2524,25368,0.909508,True,True,False,False,<=50K,<=50K,0.986133,0.986133,False,2,"{""<=50K"": 0.986133, "">50K"": 0.013867}"
5131,age=47 | sex=Female | native-country=United-States | relationship=Wife,age=47 | native-country=United-States,sex=Female | relationship=Wife,age=47 | native-country=North-America,27892,27892,1354,1354,1354,26538,0.951456,True,True,False,False,<=50K,<=50K,0.502954,0.502954,False,2,"{""<=50K"": 0.502954, "">50K"": 0.497046}"
29535,age=46 | sex=Male | native-country=United-States | relationship=Husband,age=46 | native-country=United-States,sex=Male | relationship=Husband,age=46 | native-country=North-America,27892,27892,11886,11886,11886,16006,0.573856,True,True,False,False,>50K,<=50K,0.541057,0.458943,False,2,"{""<=50K"": 0.541057, "">50K"": 0.458943}"
13539,age=39 | sex=Male | native-country=United-States | relationship=Husband,age=39 | native-country=United-States,sex=Male | relationship=Husband,age=39 | native-country=North-America,27892,27892,11886,11886,11886,16006,0.573856,True,True,False,False,<=50K,<=50K,0.541057,0.541057,False,2,"{""<=50K"": 0.541057, "">50K"": 0.458943}"
17207,age=50 | sex=Male | native-country=United-States | relationship=Husband,age=50 | native-country=United-States,sex=Male | relationship=Husband,age=50 | native-country=North-America,27892,27892,11886,11886,11886,16006,0.573856,True,True,False,False,>50K,<=50K,0.541057,0.458943,False,2,"{""<=50K"": 0.541057, "">50K"": 0.458943}"
3282,age=45 | sex=Male | native-country=United-States | relationship=Other-relative,age=45 | native-country=United-States,sex=Male | relationship=Other-relative,age=45 | native-country=North-America,27892,27892,364,364,364,27528,0.98695,True,True,False,False,<=50K,<=50K,0.953297,0.953297,False,2,"{""<=50K"": 0.953297, "">50K"": 0.046703}"
21200,age=17 | sex=Male | native-country=United-States | relationship=Own-child,age=17 | native-country=United-States,sex=Male | relationship=Own-child,age=17 | native-country=North-America,27892,27892,2524,2524,2524,25368,0.909508,True,True,False,False,<=50K,<=50K,0.986133,0.986133,False,2,"{""<=50K"": 0.986133, "">50K"": 0.013867}"
12140,age=27 | sex=Male | native-country=United-States | relationship=Husband,age=27 | native-country=United-States,sex=Male | relationship=Husband,age=27 | native-country=North-America,27892,27892,11886,11886,11886,16006,0.573856,True,True,False,False,<=50K,<=50K,0.541057,0.541057,False,2,"{""<=50K"": 0.541057, "">50K"": 0.458943}"
9397,age=46 | sex=Male | native-country=United-States | relationship=Husband,age=46 | native-country=United-States,sex=Male | relationship=Husband,age=46 | native-country=North-America,27892,27892,11886,11886,11886,16006,0.573856,True,True,False,False,<=50K,<=50K,0.541057,0.541057,False,2,"{""<=50K"": 0.541057, "">50K"": 0.458943}"
21909,age=22 | sex=Male | native-country=United-States | relationship=Unmarried,age=22 | native-country=United-States,sex=Male | relationship=Unmarried,age=22 | native-country=North-America,27892,27892,647,647,647,27245,0.976803,True,True,False,False,<=50K,<=50K,0.854714,0.854714,False,2,"{""<=50K"": 0.854714, "">50K"": 0.145286}"
7972,age=31 | sex=Female | native-country=United-States | relationship=Not-in-family,age=31 | native-country=United-States,sex=Female | relationship=Not-in-family,age=31 | native-country=North-America,27892,27892,3279,3279,3279,24613,0.882439,True,True,False,False,<=50K,<=50K,0.918573,0.918573,False,2,"{""<=50K"": 0.918573, "">50K"": 0.081427}"
10010,age=56 | sex=Male | native-country=United-States | relationship=Husband,age=56 | native-country=United-States,sex=Male | relationship=Husband,age=56 | native-country=North-America,27892,27892,11886,11886,11886,16006,0.573856,True,True,False,False,>50K,<=50K,0.541057,0.458943,False,2,"{""<=50K"": 0.541057, "">50K"": 0.458943}"
6060,age=40 | sex=Female | native-country=United-States | relationship=Unmarried,age=40 | native-country=United-States,sex=Female | relationship=Unmarried,age=40 | native-country=North-America,27892,27892,1923,1923,1923,25969,0.931055,True,True,False,False,<=50K,<=50K,0.947478,0.947478,False,2,"{""<=50K"": 0.947478, "">50K"": 0.052522}"
17965,age=53 | sex=Male | native-country=United-States | relationship=Husband,age=53 | native-country=United-States,sex=Male | relationship=Husband,age=53 | native-country=North-America,27892,27892,11886,11886,11886,16006,0.573856,True,True,False,False,>50K,<=50K,0.541057,0.458943,False,2,"{""<=50K"": 0.541057, "">50K"": 0.458943}"
4808,age=49 | sex=Male | native-country=United-States | relationship=Husband,age=49 | native-country=United-States,sex=Male | relationship=Husband,age=49 | native-country=North-America,27892,27892,11886,11886,11886,16006,0.573856,True,True,False,False,>50K,<=50K,0.541057,0.458943,False,2,"{""<=50K"": 0.541057, "">50K"": 0.458943}"
3857,age=51 | sex=Female | native-country=United-States | relationship=Not-in-family,age=51 | native-country=United-States,sex=Female | relationship=Not-in-family,age=51 | native-country=North-America,27892,27892,3279,3279,3279,24613,0.882439,True,True,False,False,<=50K,<=50K,0.918573,0.918573,False,2,"{""<=50K"": 0.918573, "">50K"": 0.081427}"
8043,age=24 | sex=Male | native-country=United-States | relationship=Not-in-family,age=24 | native-country=United-States,sex=Male | relationship=Not-in-family,age=24 | native-country=North-America,27892,27892,3837,3837,3837,24055,0.862434,True,True,False,False,<=50K,<=50K,0.863435,0.863435,False,2,"{""<=50K"": 0.863435, "">50K"": 0.136565}"
17830,age=37 | sex=Male | native-country=United-States | relationship=Not-in-family,age=37 | native-country=United-States,sex=Male | relationship=Not-in-family,age=37 | native-country=North-America,27892,27892,3837,3837,3837,24055,0.862434,True,True,False,False,<=50K,<=50K,0.863435,0.863435,False,2,"{""<=50K"": 0.863435, "">50K"": 0.136565}"
12978,age=29 | sex=Male | native-country=United-States | relationship=Husband,age=29 | native-country=United-States,sex=Male | relationship=Husband,age=29 | native-country=North-America,27892,27892,11886,11886,11886,16006,0.573856,True,True,False,False,>50K,<=50K,0.541057,0.458943,False,2,"{""<=50K"": 0.541057, "">50K"": 0.458943}"
14737,age=51 | sex=Male | native-country=United-States | relationship=Husband,age=51 | native-country=United-States,sex=Male | relationship=Husband,age=51 | native-country=North-America,27892,27892,11886,11886,11886,16006,0.573856,True,True,False,False,>50K,<=50K,0.541057,0.458943,False,2,"{""<=50K"": 0.541057, "">50K"": 0.458943}"
22656,age=44 | sex=Female | native-country=United-States | relationship=Not-in-family,age=44 | native-country=United-States,sex=Female | relationship=Not-in-family,age=44 | native-country=North-America,27892,27892,3279,3279,3279,24613,0.882439,True,True,False,False,<=50K,<=50K,0.918573,0.918573,False,2,"{""<=50K"": 0.918573, "">50K"": 0.081427}"
31482,age=45 | sex=Male | native-country=United-States | relationship=Husband,age=45 | native-country=United-States,sex=Male | relationship=Husband,age=45 | native-country=North-America,27892,27892,11886,11886,11886,16006,0.573856,True,True,False,False,<=50K,<=50K,0.541057,0.541057,False,2,"{""<=50K"": 0.541057, "">50K"": 0.458943}"
277,age=35 | sex=Female | native-country=United-States | relationship=Not-in-family,age=35 | native-country=United-States,sex=Female | relationship=Not-in-family,age=35 | native-country=North-America,27892,27892,3279,3279,3279,24613,0.882439,True,True,False,False,<=50K,<=50K,0.918573,0.918573,False,2,"{""<=50K"": 0.918573, "">50K"": 0.081427}"
32248,age=24 | sex=Female | native-country=United-States | relationship=Not-in-family,age=24 | native-country=United-States,sex=Female | relationship=Not-in-family,age=24 | native-country=North-America,27892,27892,3279,3279,3279,24613,0.882439,True,True,False,False,<=50K,<=50K,0.918573,0.918573,False,2,"{""<=50K"": 0.918573, "">50K"": 0.081427}"
10754,age=43 | sex=Female | native-country=United-States | relationship=Unmarried,age=43 | native-country=United-States,sex=Female | relationship=Unmarried,age=43 | native-country=North-America,27892,27892,1923,1923,1923,25969,0.931055,True,True,False,False,>50K,<=50K,0.947478,0.052522,False,2,"{""<=50K"": 0.947478, "">50K"": 0.052522}"
9532,age=43 | sex=Female | native-country=United-States | relationship=Wife,age=43 | native-country=United-States,sex=Female | relationship=Wife,age=43 | native-country=North-America,27892,27892,1354,1354,1354,26538,0.951456,True,True,False,False,<=50K,<=50K,0.502954,0.502954,False,2,"{""<=50K"": 0.502954, "">50K"": 0.497046}"
6008,age=51 | sex=Male | native-country=United-States | relationship=Husband,age=51 | native-country=United-States,sex=Male | relationship=Husband,age=51 | native-country=North-America,27892,27892,11886,11886,11886,16006,0.573856,True,True,False,False,>50K,<=50K,0.541057,0.458943,False,2,"{""<=50K"": 0.541057, "">50K"": 0.458943}"
12241,age=28 | sex=Male | native-country=United-States | relationship=Not-in-family,age=28 | native-country=United-States,sex=Male | relationship=Not-in-family,age=28 | native-country=North-America,27892,27892,3837,3837,3837,24055,0.862434,True,True,False,False,>50K,<=50K,0.863435,0.136565,False,2,"{""<=50K"": 0.863435, "">50K"": 0.136565}"
29279,age=17 | sex=Female | native-country=United-States | relationship=Own-child,age=17 | native-country=United-States,sex=Female | relationship=Own-child,age=17 | native-country=North-America,27892,27892,1824,1824,1824,26068,0.934605,True,True,False,False,<=50K,<=50K,0.98739,0.98739,False,2,"{""<=50K"": 0.98739, "">50K"": 0.01261}"
10183,age=21 | sex=Female | native-country=United-States | relationship=Own-child,age=21 | native-country=United-States,sex=Female | relationship=Own-child,age=21 | native-country=North-America,27892,27892,1824,1824,1824,26068,0.934605,True,True,False,False,<=50K,<=50K,0.98739,0.98739,False,2,"{""<=50K"": 0.98739, "">50K"": 0.01261}"
19742,age=40 | sex=Female | native-country=United-States | relationship=Not-in-family,age=40 | native-country=United-States,sex=Female | relationship=Not-in-family,age=40 | native-country=North-America,27892,27892,3279,3279,3279,24613,0.882439,True,True,False,False,<=50K,<=50K,0.918573,0.918573,False,2,"{""<=50K"": 0.918573, "">50K"": 0.081427}"
12665,age=37 | sex=Male | native-country=United-States | relationship=Not-in-family,age=37 | native-country=United-States,sex=Male | relationship=Not-in-family,age=37 | native-country=North-America,27892,27892,3837,3837,3837,24055,0.862434,True,True,False,False,>50K,<=50K,0.863435,0.136565,False,2,"{""<=50K"": 0.863435, "">50K"": 0.136565}"
27785,age=62 | sex=Male | native-country=United-States | relationship=Husband,age=62 | native-country=United-States,sex=Male | relationship=Husband,age=62 | native-country=North-America,27892,27892,11886,11886,11886,16006,0.573856,True,True,False,False,<=50K,<=50K,0.541057,0.541057,False,2,"{""<=50K"": 0.541057, "">50K"": 0.458943}"
25279,age=69 | sex=Male | native-country=United-States | relationship=Husband,age=69 | native-country=United-States,sex=Male | relationship=Husband,age=69 | native-country=North-America,27892,27892,11886,11886,11886,16006,0.573856,True,True,False,False,<=50K,<=50K,0.541057,0.541057,False,2,"{""<=50K"": 0.541057, "">50K"": 0.458943}"
31358,age=31 | sex=Male | native-country=United-States | relationship=Husband,age=31 | native-country=United-States,sex=Male | relationship=Husband,age=31 | native-country=North-America,27892,27892,11886,11886,11886,16006,0.573856,True,True,False,False,<=50K,<=50K,0.541057,0.541057,False,2,"{""<=50K"": 0.541057, "">50K"": 0.458943}"
4645,age=45 | sex=Male | native-country=United-States | relationship=Husband,age=45 | native-country=United-States,sex=Male | relationship=Husband,age=45 | native-country=North-America,27892,27892,11886,11886,11886,16006,0.573856,True,True,False,False,>50K,<=50K,0.541057,0.458943,False,2,"{""<=50K"": 0.541057, "">50K"": 0.458943}"
21407,age=22 | sex=Female | native-country=United-States | relationship=Not-in-family,age=22 | native-country=United-States,sex=Female | relationship=Not-in-family,age=22 | native-country=North-America,27892,27892,3279,3279,3279,24613,0.882439,True,True,False,False,<=50K,<=50K,0.918573,0.918573,False,2,"{""<=50K"": 0.918573, "">50K"": 0.081427}"
14780,age=26 | sex=Male | native-country=United-States | relationship=Husband,age=26 | native-country=United-States,sex=Male | relationship=Husband,age=26 | native-country=North-America,27892,27892,11886,11886,11886,16006,0.573856,True,True,False,False,<=50K,<=50K,0.541057,0.541057,False,2,"{""<=50K"": 0.541057, "">50K"": 0.458943}"
21188,age=46 | sex=Male | native-country=United-States | relationship=Husband,age=46 | native-country=United-States,sex=Male | relationship=Husband,age=46 | native-country=North-America,27892,27892,11886,11886,11886,16006,0.573856,True,True,False,False,>50K,<=50K,0.541057,0.458943,False,2,"{""<=50K"": 0.541057, "">50K"": 0.458943}"
20466,age=25 | sex=Male | native-country=United-States | relationship=Own-child,age=25 | native-country=United-States,sex=Male | relationship=Own-child,age=25 | native-country=North-America,27892,27892,2524,2524,2524,25368,0.909508,True,True,False,False,<=50K,<=50K,0.986133,0.986133,False,2,"{""<=50K"": 0.986133, "">50K"": 0.013867}"
9075,age=36 | sex=Male | native-country=United-States | relationship=Husband,age=36 | native-country=United-States,sex=Male | relationship=Husband,age=36 | native-country=North-America,27892,27892,11886,11886,11886,16006,0.573856,True,True,False,False,<=50K,<=50K,0.541057,0.541057,False,2,"{""<=50K"": 0.541057, "">50K"": 0.458943}"
10457,age=39 | sex=Male | native-country=United-States | relationship=Husband,age=39 | native-country=United-States,sex=Male | relationship=Husband,age=39 | native-country=North-America,27892,27892,11886,11886,11886,16006,0.573856,True,True,False,False,<=50K,<=50K,0.541057,0.541057,False,2,"{""<=50K"": 0.541057, "">50K"": 0.458943}"
15468,age=29 | sex=Female | native-country=United-States | relationship=Not-in-family,age=29 | native-country=United-States,sex=Female | relationship=Not-in-family,age=29 | native-country=North-America,27892,27892,3279,3279,3279,24613,0.882439,True,True,False,False,<=50K,<=50K,0.918573,0.918573,False,2,"{""<=50K"": 0.918573, "">50K"": 0.081427}"
5834,age=58 | sex=Male | native-country=Cuba | relationship=Husband,age=58 | native-country=Cuba,sex=Male | relationship=Husband,age=58 | native-country=Caribbean,109,109,87,87,87,22,0.201835,True,True,False,False,<=50K,<=50K,0.735632,0.735632,False,2,"{""<=50K"": 0.735632, "">50K"": 0.264368}"
14818,age=44 | sex=Male | native-country=United-States | relationship=Husband,age=44 | native-country=United-States,sex=Male | relationship=Husband,age=44 | native-country=North-America,27892,27892,11886,11886,11886,16006,0.573856,True,True,False,False,>50K,<=50K,0.541057,0.458943,False,2,"{""<=50K"": 0.541057, "">50K"": 0.458943}"
13727,age=44 | sex=Male | native-country=United-States | relationship=Husband,age=44 | native-country=United-States,sex=Male | relationship=Husband,age=44 | native-country=North-America,27892,27892,11886,11886,11886,16006,0.573856,True,True,False,False,<=50K,<=50K,0.541057,0.541057,False,2,"{""<=50K"": 0.541057, "">50K"": 0.458943}"
31394,age=39 | sex=Male | native-country=United-States | relationship=Husband,age=39 | native-country=United-States,sex=Male | relationship=Husband,age=39 | native-country=North-America,27892,27892,11886,11886,11886,16006,0.573856,True,True,False,False,<=50K,<=50K,0.541057,0.541057,False,2,"{""<=50K"": 0.541057, "">50K"": 0.458943}"
23435,age=29 | sex=Female | native-country=United-States | relationship=Not-in-family,age=29 | native-country=United-States,sex=Female | relationship=Not-in-family,age=29 | native-country=North-America,27892,27892,3279,3279,3279,24613,0.882439,True,True,False,False,<=50K,<=50K,0.918573,0.918573,False,2,"{""<=50K"": 0.918573, "">50K"": 0.081427}"
13499,age=50 | sex=Male | native-country=? | relationship=Husband,age=50 | native-country=?,sex=Male | relationship=Husband,age=50 | native-country=Unknown,318,318,224,224,224,94,0.295597,True,True,False,False,>50K,<=50K,0.522321,0.477679,False,2,"{""<=50K"": 0.522321, "">50K"": 0.477679}"
19854,age=26 | sex=Male | native-country=United-States | relationship=Not-in-family,age=26 | native-country=United-States,sex=Male | relationship=Not-in-family,age=26 | native-country=North-America,27892,27892,3837,3837,3837,24055,0.862434,True,True,False,False,>50K,<=50K,0.863435,0.136565,False,2,"{""<=50K"": 0.863435, "">50K"": 0.136565}"
5260,age=21 | sex=Female | native-country=United-States | relationship=Own-child,age=21 | native-country=United-States,sex=Female | relationship=Own-child,age=21 | native-country=North-America,27892,27892,1824,1824,1824,26068,0.934605,True,True,False,False,<=50K,<=50K,0.98739,0.98739,False,2,"{""<=50K"": 0.98739, "">50K"": 0.01261}"
22911,age=30 | sex=Male | native-country=United-States | relationship=Own-child,age=30 | native-country=United-States,sex=Male | relationship=Own-child,age=30 | native-country=North-America,27892,27892,2524,2524,2524,25368,0.909508,True,True,False,False,<=50K,<=50K,0.986133,0.986133,False,2,"{""<=50K"": 0.986133, "">50K"": 0.013867}"
11930,age=26 | sex=Male | native-country=United-States | relationship=Husband,age=26 | native-country=United-States,sex=Male | relationship=Husband,age=26 | native-country=North-America,27892,27892,11886,11886,11886,16006,0.573856,True,True,False,False,>50K,<=50K,0.541057,0.458943,False,2,"{""<=50K"": 0.541057, "">50K"": 0.458943}"
8270,age=43 | sex=Male | native-country=United-States | relationship=Husband,age=43 | native-country=United-States,sex=Male | relationship=Husband,age=43 | native-country=North-America,27892,27892,11886,11886,11886,16006,0.573856,True,True,False,False,>50K,<=50K,0.541057,0.458943,False,2,"{""<=50K"": 0.541057, "">50K"": 0.458943}"
5292,age=21 | sex=Female | native-country=United-States | relationship=Own-child,age=21 | native-country=United-States,sex=Female | relationship=Own-child,age=21 | native-country=North-America,27892,27892,1824,1824,1824,26068,0.934605,True,True,False,False,<=50K,<=50K,0.98739,0.98739,False,2,"{""<=50K"": 0.98739, "">50K"": 0.01261}"
16590,age=34 | sex=Male | native-country=United-States | relationship=Not-in-family,age=34 | native-country=United-States,sex=Male | relationship=Not-in-family,age=34 | native-country=North-America,27892,27892,3837,3837,3837,24055,0.862434,True,True,False,False,<=50K,<=50K,0.863435,0.863435,False,2,"{""<=50K"": 0.863435, "">50K"": 0.136565}"
29055,age=43 | sex=Male | native-country=United-States | relationship=Not-in-family,age=43 | native-country=United-States,sex=Male | relationship=Not-in-family,age=43 | native-country=North-America,27892,27892,3837,3837,3837,24055,0.862434,True,True,False,False,>50K,<=50K,0.863435,0.136565,False,2,"{""<=50K"": 0.863435, "">50K"": 0.136565}"
30039,age=25 | sex=Male | native-country=United-States | relationship=Own-child,age=25 | native-country=United-States,sex=Male | relationship=Own-child,age=25 | native-country=North-America,27892,27892,2524,2524,2524,25368,0.909508,True,True,False,False,<=50K,<=50K,0.986133,0.986133,False,2,"{""<=50K"": 0.986133, "">50K"": 0.013867}"
13328,age=49 | sex=Male | native-country=United-States | relationship=Not-in-family,age=49 | native-country=United-States,sex=Male | relationship=Not-in-family,age=49 | native-country=North-America,27892,27892,3837,3837,3837,24055,0.862434,True,True,False,False,<=50K,<=50K,0.863435,0.863435,False,2,"{""<=50K"": 0.863435, "">50K"": 0.136565}"
31870,age=44 | sex=Male | native-country=United-States | relationship=Husband,age=44 | native-country=United-States,sex=Male | relationship=Husband,age=44 | native-country=North-America,27892,27892,11886,11886,11886,16006,0.573856,True,True,False,False,<=50K,<=50K,0.541057,0.541057,False,2,"{""<=50K"": 0.541057, "">50K"": 0.458943}"
9108,age=54 | sex=Male | native-country=United-States | relationship=Husband,age=54 | native-country=United-States,sex=Male | relationship=Husband,age=54 | native-country=North-America,27892,27892,11886,11886,11886,16006,0.573856,True,True,False,False,>50K,<=50K,0.541057,0.458943,False,2,"{""<=50K"": 0.541057, "">50K"": 0.458943}"
469,age=30 | sex=Female | native-country=United-States | relationship=Wife,age=30 | native-country=United-States,sex=Female | relationship=Wife,age=30 | native-country=North-America,27892,27892,1354,1354,1354,26538,0.951456,True,True,False,False,>50K,<=50K,0.502954,0.497046,False,2,"{""<=50K"": 0.502954, "">50K"": 0.497046}"
27881,age=49 | sex=Male | native-country=United-States | relationship=Husband,age=49 | native-country=United-States,sex=Male | relationship=Husband,age=49 | native-country=North-America,27892,27892,11886,11886,11886,16006,0.573856,True,True,False,False,<=50K,<=50K,0.541057,0.541057,False,2,"{""<=50K"": 0.541057, "">50K"": 0.458943}"
11214,age=20 | sex=Female | native-country=United-States | relationship=Not-in-family,age=20 | native-country=United-States,sex=Female | relationship=Not-in-family,age=20 | native-country=North-America,27892,27892,3279,3279,3279,24613,0.882439,True,True,False,False,<=50K,<=50K,0.918573,0.918573,False,2,"{""<=50K"": 0.918573, "">50K"": 0.081427}"
13853,age=24 | sex=Male | native-country=United-States | relationship=Not-in-family,age=24 | native-country=United-States,sex=Male | relationship=Not-in-family,age=24 | native-country=North-America,27892,27892,3837,3837,3837,24055,0.862434,True,True,False,False,<=50K,<=50K,0.863435,0.863435,False,2,"{""<=50K"": 0.863435, "">50K"": 0.136565}"
1748,age=27 | sex=Female | native-country=United-States | relationship=Not-in-family,age=27 | native-country=United-States,sex=Female | relationship=Not-in-family,age=27 | native-country=North-America,27892,27892,3279,3279,3279,24613,0.882439,True,True,False,False,<=50K,<=50K,0.918573,0.918573,False,2,"{""<=50K"": 0.918573, "">50K"": 0.081427}"
571,age=51 | sex=Male | native-country=United-States | relationship=Husband,age=51 | native-country=United-States,sex=Male | relationship=Husband,age=51 | native-country=North-America,27892,27892,11886,11886,11886,16006,0.573856,True,True,False,False,<=50K,<=50K,0.541057,0.541057,False,2,"{""<=50K"": 0.541057, "">50K"": 0.458943}"
31535,age=51 | sex=Male | native-country=United-States | relationship=Husband,age=51 | native-country=United-States,sex=Male | relationship=Husband,age=51 | native-country=North-America,27892,27892,11886,11886,11886,16006,0.573856,True,True,False,False,<=50K,<=50K,0.541057,0.541057,False,2,"{""<=50K"": 0.541057, "">50K"": 0.458943}"
6806,age=18 | sex=Female | native-country=United-States | relationship=Own-child,age=18 | native-country=United-States,sex=Female | relationship=Own-child,age=18 | native-country=North-America,27892,27892,1824,1824,1824,26068,0.934605,True,True,False,False,<=50K,<=50K,0.98739,0.98739,False,2,"{""<=50K"": 0.98739, "">50K"": 0.01261}"
2844,age=37 | sex=Male | native-country=United-States | relationship=Husband,age=37 | native-country=United-States,sex=Male | relationship=Husband,age=37 | native-country=North-America,27892,27892,11886,11886,11886,16006,0.573856,True,True,False,False,>50K,<=50K,0.541057,0.458943,False,2,"{""<=50K"": 0.541057, "">50K"": 0.458943}"
24677,age=19 | sex=Female | native-country=United-States | relationship=Not-in-family,age=19 | native-country=United-States,sex=Female | relationship=Not-in-family,age=19 | native-country=North-America,27892,27892,3279,3279,3279,24613,0.882439,True,True,False,False,<=50K,<=50K,0.918573,0.918573,False,2,"{""<=50K"": 0.918573, "">50K"": 0.081427}"
13623,age=71 | sex=Male | native-country=United-States | relationship=Husband,age=71 | native-country=United-States,sex=Male | relationship=Husband,age=71 | native-country=North-America,27892,27892,11886,11886,11886,16006,0.573856,True,True,False,False,<=50K,<=50K,0.541057,0.541057,False,2,"{""<=50K"": 0.541057, "">50K"": 0.458943}"
30352,age=62 | sex=Male | native-country=United-States | relationship=Husband,age=62 | native-country=United-States,sex=Male | relationship=Husband,age=62 | native-country=North-America,27892,27892,11886,11886,11886,16006,0.573856,True,True,False,False,>50K,<=50K,0.541057,0.458943,False,2,"{""<=50K"": 0.541057, "">50K"": 0.458943}"
22057,age=58 | sex=Male | native-country=United-States | relationship=Husband,age=58 | native-country=United-States,sex=Male | relationship=Husband,age=58 | native-country=North-America,27892,27892,11886,11886,11886,16006,0.573856,True,True,False,False,>50K,<=50K,0.541057,0.458943,False,2,"{""<=50K"": 0.541057, "">50K"": 0.458943}"
27577,age=42 | sex=Male | native-country=United-States | relationship=Husband,age=42 | native-country=United-States,sex=Male | relationship=Husband,age=42 | native-country=North-America,27892,27892,11886,11886,11886,16006,0.573856,True,True,False,False,>50K,<=50K,0.541057,0.458943,False,2,"{""<=50K"": 0.541057, "">50K"": 0.458943}"
3103,age=20 | sex=Female | native-country=United-States | relationship=Own-child,age=20 | native-country=United-States,sex=Female | relationship=Own-child,age=20 | native-country=North-America,27892,27892,1824,1824,1824,26068,0.934605,True,True,False,False,<=50K,<=50K,0.98739,0.98739,False,2,"{""<=50K"": 0.98739, "">50K"": 0.01261}"
3629,age=32 | sex=Male | native-country=United-States | relationship=Husband,age=32 | native-country=United-States,sex=Male | relationship=Husband,age=32 | native-country=North-America,27892,27892,11886,11886,11886,16006,0.573856,True,True,False,False,<=50K,<=50K,0.541057,0.541057,False,2,"{""<=50K"": 0.541057, "">50K"": 0.458943}"
10039,age=22 | sex=Male | native-country=United-States | relationship=Own-child,age=22 | native-country=United-States,sex=Male | relationship=Own-child,age=22 | native-country=North-America,27892,27892,2524,2524,2524,25368,0.909508,True,True,False,False,<=50K,<=50K,0.986133,0.986133,False,2,"{""<=50K"": 0.986133, "">50K"": 0.013867}"
1824,age=51 | sex=Male | native-country=United-States | relationship=Husband,age=51 | native-country=United-States,sex=Male | relationship=Husband,age=51 | native-country=North-America,27892,27892,11886,11886,11886,16006,0.573856,True,True,False,False,>50K,<=50K,0.541057,0.458943,False,2,"{""<=50K"": 0.541057, "">50K"": 0.458943}"
14308,age=45 | sex=Male | native-country=United-States | relationship=Husband,age=45 | native-country=United-States,sex=Male | relationship=Husband,age=45 | native-country=North-America,27892,27892,11886,11886,11886,16006,0.573856,True,True,False,False,<=50K,<=50K,0.541057,0.541057,False,2,"{""<=50K"": 0.541057, "">50K"": 0.458943}"
21025,age=19 | sex=Female | native-country=United-States | relationship=Not-in-family,age=19 | native-country=United-States,sex=Female | relationship=Not-in-family,age=19 | native-country=North-America,27892,27892,3279,3279,3279,24613,0.882439,True,True,False,False,<=50K,<=50K,0.918573,0.918573,False,2,"{""<=50K"": 0.918573, "">50K"": 0.081427}"
10025,age=45 | sex=Male | native-country=United-States | relationship=Husband,age=45 | native-country=United-States,sex=Male | relationship=Husband,age=45 | native-country=North-America,27892,27892,11886,11886,11886,16006,0.573856,True,True,False,False,<=50K,<=50K,0.541057,0.541057,False,2,"{""<=50K"": 0.541057, "">50K"": 0.458943}"
20820,age=34 | sex=Male | native-country=United-States | relationship=Husband,age=34 | native-country=United-States,sex=Male | relationship=Husband,age=34 | native-country=North-America,27892,27892,11886,11886,11886,16006,0.573856,True,True,False,False,>50K,<=50K,0.541057,0.458943,False,2,"{""<=50K"": 0.541057, "">50K"": 0.458943}"
18058,age=36 | sex=Male | native-country=United-States | relationship=Unmarried,age=36 | native-country=United-States,sex=Male | relationship=Unmarried,age=36 | native-country=North-America,27892,27892,647,647,647,27245,0.976803,True,True,False,False,<=50K,<=50K,0.854714,0.854714,False,2,"{""<=50K"": 0.854714, "">50K"": 0.145286}"
14010,age=45 | sex=Female | native-country=United-States | relationship=Unmarried,age=45 | native-country=United-States,sex=Female | relationship=Unmarried,age=45 | native-country=North-America,27892,27892,1923,1923,1923,25969,0.931055,True,True,False,False,>50K,<=50K,0.947478,0.052522,False,2,"{""<=50K"": 0.947478, "">50K"": 0.052522}"
25294,age=34 | sex=Male | native-country=United-States | relationship=Own-child,age=34 | native-country=United-States,sex=Male | relationship=Own-child,age=34 | native-country=North-America,27892,27892,2524,2524,2524,25368,0.909508,True,True,False,False,<=50K,<=50K,0.986133,0.986133,False,2,"{""<=50K"": 0.986133, "">50K"": 0.013867}"
16506,age=21 | sex=Female | native-country=United-States | relationship=Own-child,age=21 | native-country=United-States,sex=Female | relationship=Own-child,age=21 | native-country=North-America,27892,27892,1824,1824,1824,26068,0.934605,True,True,False,False,<=50K,<=50K,0.98739,0.98739,False,2,"{""<=50K"": 0.98739, "">50K"": 0.01261}"
28871,age=26 | sex=Male | native-country=Mexico | relationship=Not-in-family,age=26 | native-country=Mexico,sex=Male | relationship=Not-in-family,age=26 | native-country=Central-America,492,492,78,78,78,414,0.841463,True,True,False,False,<=50K,<=50K,0.974359,0.974359,False,2,"{""<=50K"": 0.974359, "">50K"": 0.025641}"
12753,age=55 | sex=Female | native-country=United-States | relationship=Unmarried,age=55 | native-country=United-States,sex=Female | relationship=Unmarried,age=55 | native-country=North-America,27892,27892,1923,1923,1923,25969,0.931055,True,True,False,False,<=50K,<=50K,0.947478,0.947478,False,2,"{""<=50K"": 0.947478, "">50K"": 0.052522}"
6777,age=29 | sex=Female | native-country=United-States | relationship=Unmarried,age=29 | native-country=United-States,sex=Female | relationship=Unmarried,age=29 | native-country=North-America,27892,27892,1923,1923,1923,25969,0.931055,True,True,False,False,<=50K,<=50K,0.947478,0.947478,False,2,"{""<=50K"": 0.947478, "">50K"": 0.052522}"
10388,age=27 | sex=Male | native-country=United-States | relationship=Husband,age=27 | native-country=United-States,sex=Male | relationship=Husband,age=27 | native-country=North-America,27892,27892,11886,11886,11886,16006,0.573856,True,True,False,False,<=50K,<=50K,0.541057,0.541057,False,2,"{""<=50K"": 0.541057, "">50K"": 0.458943}"
26209,age=32 | sex=Male | native-country=United-States | relationship=Husband,age=32 | native-country=United-States,sex=Male | relationship=Husband,age=32 | native-country=North-America,27892,27892,11886,11886,11886,16006,0.573856,True,True,False,False,>50K,<=50K,0.541057,0.458943,False,2,"{""<=50K"": 0.541057, "">50K"": 0.458943}"
2787,age=20 | sex=Female | native-country=United-States | relationship=Not-in-family,age=20 | native-country=United-States,sex=Female | relationship=Not-in-family,age=20 | native-country=North-America,27892,27892,3279,3279,3279,24613,0.882439,True,True,False,False,<=50K,<=50K,0.918573,0.918573,False,2,"{""<=50K"": 0.918573, "">50K"": 0.081427}"
969,age=36 | sex=Female | native-country=United-States | relationship=Not-in-family,age=36 | native-country=United-States,sex=Female | relationship=Not-in-family,age=36 | native-country=North-America,27892,27892,3279,3279,3279,24613,0.882439,True,True,False,False,<=50K,<=50K,0.918573,0.918573,False,2,"{""<=50K"": 0.918573, "">50K"": 0.081427}"
18567,age=32 | sex=Male | native-country=United-States | relationship=Not-in-family,age=32 | native-country=United-States,sex=Male | relationship=Not-in-family,age=32 | native-country=North-America,27892,27892,3837,3837,3837,24055,0.862434,True,True,False,False,<=50K,<=50K,0.863435,0.863435,False,2,"{""<=50K"": 0.863435, "">50K"": 0.136565}"
17295,age=22 | sex=Female | native-country=United-States | relationship=Own-child,age=22 | native-country=United-States,sex=Female | relationship=Own-child,age=22 | native-country=North-America,27892,27892,1824,1824,1824,26068,0.934605,True,True,False,False,<=50K,<=50K,0.98739,0.98739,False,2,"{""<=50K"": 0.98739, "">50K"": 0.01261}"
1415,age=28 | sex=Male | native-country=United-States | relationship=Husband,age=28 | native-country=United-States,sex=Male | relationship=Husband,age=28 | native-country=North-America,27892,27892,11886,11886,11886,16006,0.573856,True,True,False,False,<=50K,<=50K,0.541057,0.541057,False,2,"{""<=50K"": 0.541057, "">50K"": 0.458943}"
3733,age=64 | sex=Female | native-country=United-States | relationship=Wife,age=64 | native-country=United-States,sex=Female | relationship=Wife,age=64 | native-country=North-America,27892,27892,1354,1354,1354,26538,0.951456,True,True,False,False,>50K,<=50K,0.502954,0.497046,False,2,"{""<=50K"": 0.502954, "">50K"": 0.497046}"
10998,age=65 | sex=Male | native-country=United-States | relationship=Husband,age=65 | native-country=United-States,sex=Male | relationship=Husband,age=65 | native-country=North-America,27892,27892,11886,11886,11886,16006,0.573856,True,True,False,False,<=50K,<=50K,0.541057,0.541057,False,2,"{""<=50K"": 0.541057, "">50K"": 0.458943}"
17083,age=24 | sex=Female | native-country=United-States | relationship=Own-child,age=24 | native-country=United-States,sex=Female | relationship=Own-child,age=24 | native-country=North-America,27892,27892,1824,1824,1824,26068,0.934605,True,True,False,False,<=50K,<=50K,0.98739,0.98739,False,2,"{""<=50K"": 0.98739, "">50K"": 0.01261}"
25653,age=45 | sex=Female | native-country=United-States | relationship=Not-in-family,age=45 | native-country=United-States,sex=Female | relationship=Not-in-family,age=45 | native-country=North-America,27892,27892,3279,3279,3279,24613,0.882439,True,True,False,False,<=50K,<=50K,0.918573,0.918573,False,2,"{""<=50K"": 0.918573, "">50K"": 0.081427}"
9411,age=23 | sex=Male | native-country=United-States | relationship=Own-child,age=23 | native-country=United-States,sex=Male | relationship=Own-child,age=23 | native-country=North-America,27892,27892,2524,2524,2524,25368,0.909508,True,True,False,False,<=50K,<=50K,0.986133,0.986133,False,2,"{""<=50K"": 0.986133, "">50K"": 0.013867}"
21051,age=34 | sex=Male | native-country=United-States | relationship=Husband,age=34 | native-country=United-States,sex=Male | relationship=Husband,age=34 | native-country=North-America,27892,27892,11886,11886,11886,16006,0.573856,True,True,False,False,<=50K,<=50K,0.541057,0.541057,False,2,"{""<=50K"": 0.541057, "">50K"": 0.458943}"
8514,age=21 | sex=Female | native-country=United-States | relationship=Own-child,age=21 | native-country=United-States,sex=Female | relationship=Own-child,age=21 | native-country=North-America,27892,27892,1824,1824,1824,26068,0.934605,True,True,False,False,<=50K,<=50K,0.98739,0.98739,False,2,"{""<=50K"": 0.98739, "">50K"": 0.01261}"
3830,age=57 | sex=Male | native-country=United-States | relationship=Husband,age=57 | native-country=United-States,sex=Male | relationship=Husband,age=57 | native-country=North-America,27892,27892,11886,11886,11886,16006,0.573856,True,True,False,False,<=50K,<=50K,0.541057,0.541057,False,2,"{""<=50K"": 0.541057, "">50K"": 0.458943}"
14370,age=22 | sex=Male | native-country=United-States | relationship=Other-relative,age=22 | native-country=United-States,sex=Male | relationship=Other-relative,age=22 | native-country=North-America,27892,27892,364,364,364,27528,0.98695,True,True,False,False,<=50K,<=50K,0.953297,0.953297,False,2,"{""<=50K"": 0.953297, "">50K"": 0.046703}"
14079,age=24 | sex=Female | native-country=United-States | relationship=Not-in-family,age=24 | native-country=United-States,sex=Female | relationship=Not-in-family,age=24 | native-country=North-America,27892,27892,3279,3279,3279,24613,0.882439,True,True,False,False,<=50K,<=50K,0.918573,0.918573,False,2,"{""<=50K"": 0.918573, "">50K"": 0.081427}"
26473,age=34 | sex=Male | native-country=United-States | relationship=Husband,age=34 | native-country=United-States,sex=Male | relationship=Husband,age=34 | native-country=North-America,27892,27892,11886,11886,11886,16006,0.573856,True,True,False,False,<=50K,<=50K,0.541057,0.541057,False,2,"{""<=50K"": 0.541057, "">50K"": 0.458943}"
27479,age=54 | sex=Male | native-country=United-States | relationship=Unmarried,age=54 | native-country=United-States,sex=Male | relationship=Unmarried,age=54 | native-country=North-America,27892,27892,647,647,647,27245,0.976803,True,True,False,False,<=50K,<=50K,0.854714,0.854714,False,2,"{""<=50K"": 0.854714, "">50K"": 0.145286}"
27299,age=37 | sex=Male | native-country=? | relationship=Husband,age=37 | native-country=?,sex=Male | relationship=Husband,age=37 | native-country=Unknown,318,318,224,224,224,94,0.295597,True,True,False,False,<=50K,<=50K,0.522321,0.522321,False,2,"{""<=50K"": 0.522321, "">50K"": 0.477679}"
25952,age=48 | sex=Male | native-country=United-States | relationship=Husband,age=48 | native-country=United-States,sex=Male | relationship=Husband,age=48 | native-country=North-America,27892,27892,11886,11886,11886,16006,0.573856,True,True,False,False,<=50K,<=50K,0.541057,0.541057,False,2,"{""<=50K"": 0.541057, "">50K"": 0.458943}"
14636,age=41 | sex=Male | native-country=United-States | relationship=Own-child,age=41 | native-country=United-States,sex=Male | relationship=Own-child,age=41 | native-country=North-America,27892,27892,2524,2524,2524,25368,0.909508,True,True,False,False,<=50K,<=50K,0.986133,0.986133,False,2,"{""<=50K"": 0.986133, "">50K"": 0.013867}"
13904,age=50 | sex=Male | native-country=United-States | relationship=Husband,age=50 | native-country=United-States,sex=Male | relationship=Husband,age=50 | native-country=North-America,27892,27892,11886,11886,11886,16006,0.573856,True,True,False,False,<=50K,<=50K,0.541057,0.541057,False,2,"{""<=50K"": 0.541057, "">50K"": 0.458943}"
3375,age=21 | sex=Male | native-country=United-States | relationship=Husband,age=21 | native-country=United-States,sex=Male | relationship=Husband,age=21 | native-country=North-America,27892,27892,11886,11886,11886,16006,0.573856,True,True,False,False,<=50K,<=50K,0.541057,0.541057,False,2,"{""<=50K"": 0.541057, "">50K"": 0.458943}"
4956,age=41 | sex=Male | native-country=United-States | relationship=Unmarried,age=41 | native-country=United-States,sex=Male | relationship=Unmarried,age=41 | native-country=North-America,27892,27892,647,647,647,27245,0.976803,True,True,False,False,<=50K,<=50K,0.854714,0.854714,False,2,"{""<=50K"": 0.854714, "">50K"": 0.145286}"
11768,age=35 | sex=Male | native-country=United-States | relationship=Own-child,age=35 | native-country=United-States,sex=Male | relationship=Own-child,age=35 | native-country=North-America,27892,27892,2524,2524,2524,25368,0.909508,True,True,False,False,<=50K,<=50K,0.986133,0.986133,False,2,"{""<=50K"": 0.986133, "">50K"": 0.013867}"
24648,age=31 | sex=Female | native-country=United-States | relationship=Not-in-family,age=31 | native-country=United-States,sex=Female | relationship=Not-in-family,age=31 | native-country=North-America,27892,27892,3279,3279,3279,24613,0.882439,True,True,False,False,<=50K,<=50K,0.918573,0.918573,False,2,"{""<=50K"": 0.918573, "">50K"": 0.081427}"
8079,age=47 | sex=Male | native-country=United-States | relationship=Husband,age=47 | native-country=United-States,sex=Male | relationship=Husband,age=47 | native-country=North-America,27892,27892,11886,11886,11886,16006,0.573856,True,True,False,False,<=50K,<=50K,0.541057,0.541057,False,2,"{""<=50K"": 0.541057, "">50K"": 0.458943}"
27655,age=41 | sex=Male | native-country=United-States | relationship=Not-in-family,age=41 | native-country=United-States,sex=Male | relationship=Not-in-family,age=41 | native-country=North-America,27892,27892,3837,3837,3837,24055,0.862434,True,True,False,False,>50K,<=50K,0.863435,0.136565,False,2,"{""<=50K"": 0.863435, "">50K"": 0.136565}"
5503,age=21 | sex=Male | native-country=Mexico | relationship=Unmarried,age=21 | native-country=Mexico,sex=Male | relationship=Unmarried,age=21 | native-country=Central-America,492,492,25,25,25,467,0.949187,True,True,False,False,<=50K,<=50K,0.96,0.96,False,2,"{""<=50K"": 0.96, "">50K"": 0.04}"
22521,age=50 | sex=Male | native-country=United-States | relationship=Husband,age=50 | native-country=United-States,sex=Male | relationship=Husband,age=50 | native-country=North-America,27892,27892,11886,11886,11886,16006,0.573856,True,True,False,False,>50K,<=50K,0.541057,0.458943,False,2,"{""<=50K"": 0.541057, "">50K"": 0.458943}"
20500,age=40 | sex=Female | native-country=United-States | relationship=Not-in-family,age=40 | native-country=United-States,sex=Female | relationship=Not-in-family,age=40 | native-country=North-America,27892,27892,3279,3279,3279,24613,0.882439,True,True,False,False,<=50K,<=50K,0.918573,0.918573,False,2,"{""<=50K"": 0.918573, "">50K"": 0.081427}"
2270,age=38 | sex=Male | native-country=United-States | relationship=Unmarried,age=38 | native-country=United-States,sex=Male | relationship=Unmarried,age=38 | native-country=North-America,27892,27892,647,647,647,27245,0.976803,True,True,False,False,<=50K,<=50K,0.854714,0.854714,False,2,"{""<=50K"": 0.854714, "">50K"": 0.145286}"
17940,age=30 | sex=Male | native-country=United-States | relationship=Husband,age=30 | native-country=United-States,sex=Male | relationship=Husband,age=30 | native-country=North-America,27892,27892,11886,11886,11886,16006,0.573856,True,True,False,False,<=50K,<=50K,0.541057,0.541057,False,2,"{""<=50K"": 0.541057, "">50K"": 0.458943}"
17029,age=34 | sex=Female | native-country=United-States | relationship=Own-child,age=34 | native-country=United-States,sex=Female | relationship=Own-child,age=34 | native-country=North-America,27892,27892,1824,1824,1824,26068,0.934605,True,True,False,False,<=50K,<=50K,0.98739,0.98739,False,2,"{""<=50K"": 0.98739, "">50K"": 0.01261}"
30251,age=23 | sex=Female | native-country=United-States | relationship=Not-in-family,age=23 | native-country=United-States,sex=Female | relationship=Not-in-family,age=23 | native-country=North-America,27892,27892,3279,3279,3279,24613,0.882439,True,True,False,False,<=50K,<=50K,0.918573,0.918573,False,2,"{""<=50K"": 0.918573, "">50K"": 0.081427}"
19631,age=34 | sex=Male | native-country=United-States | relationship=Husband,age=34 | native-country=United-States,sex=Male | relationship=Husband,age=34 | native-country=North-America,27892,27892,11886,11886,11886,16006,0.573856,True,True,False,False,>50K,<=50K,0.541057,0.458943,False,2,"{""<=50K"": 0.541057, "">50K"": 0.458943}"
9804,age=18 | sex=Female | native-country=United-States | relationship=Own-child,age=18 | native-country=United-States,sex=Female | relationship=Own-child,age=18 | native-country=North-America,27892,27892,1824,1824,1824,26068,0.934605,True,True,False,False,<=50K,<=50K,0.98739,0.98739,False,2,"{""<=50K"": 0.98739, "">50K"": 0.01261}"
11745,age=33 | sex=Male | native-country=United-States | relationship=Not-in-family,age=33 | native-country=United-States,sex=Male | relationship=Not-in-family,age=33 | native-country=North-America,27892,27892,3837,3837,3837,24055,0.862434,True,True,False,False,<=50K,<=50K,0.863435,0.863435,False,2,"{""<=50K"": 0.863435, "">50K"": 0.136565}"
27423,age=27 | sex=Female | native-country=United-States | relationship=Not-in-family,age=27 | native-country=United-States,sex=Female | relationship=Not-in-family,age=27 | native-country=North-America,27892,27892,3279,3279,3279,24613,0.882439,True,True,False,False,<=50K,<=50K,0.918573,0.918573,False,2,"{""<=50K"": 0.918573, "">50K"": 0.081427}"
15710,age=30 | sex=Male | native-country=United-States | relationship=Not-in-family,age=30 | native-country=United-States,sex=Male | relationship=Not-in-family,age=30 | native-country=North-America,27892,27892,3837,3837,3837,24055,0.862434,True,True,False,False,>50K,<=50K,0.863435,0.136565,False,2,"{""<=50K"": 0.863435, "">50K"": 0.136565}"
18268,age=24 | sex=Male | native-country=United-States | relationship=Own-child,age=24 | native-country=United-States,sex=Male | relationship=Own-child,age=24 | native-country=North-America,27892,27892,2524,2524,2524,25368,0.909508,True,True,False,False,<=50K,<=50K,0.986133,0.986133,False,2,"{""<=50K"": 0.986133, "">50K"": 0.013867}"
7120,age=47 | sex=Male | native-country=United-States | relationship=Husband,age=47 | native-country=United-States,sex=Male | relationship=Husband,age=47 | native-country=North-America,27892,27892,11886,11886,11886,16006,0.573856,True,True,False,False,>50K,<=50K,0.541057,0.458943,False,2,"{""<=50K"": 0.541057, "">50K"": 0.458943}"
18019,age=17 | sex=Male | native-country=United-States | relationship=Own-child,age=17 | native-country=United-States,sex=Male | relationship=Own-child,age=17 | native-country=North-America,27892,27892,2524,2524,2524,25368,0.909508,True,True,False,False,<=50K,<=50K,0.986133,0.986133,False,2,"{""<=50K"": 0.986133, "">50K"": 0.013867}"
