record_id,native-country,sex,race,age
10010,United-States,Male,White,56
10024,United-States,Female,White,49
10029,United-States,Male,White,33
10052,United-States,Female,White,61
10062,?,Male,White,38
10066,United-States,Female,Black,27
10068,United-States,Male,White,28
10070,United-States,Female,White,28
10072,United-States,Female,White,18
10077,United-States,Male,Black,58
10095,United-States,Female,White,31
10109,United-States,Male,White,56
10163,United-States,Male,White,29
10166,United-States,Male,White,55
10173,United-States,Male,White,49
10192,United-States,Male,White,59
102,United-States,Female,White,47
10201,United-States,Male,White,21
10249,United-States,Male,White,19
1031,United-States,Male,White,20
10322,United-States,Male,White,35
10330,United-States,Female,White,36
10334,United-States,Male,White,35
10348,United-States,Male,White,26
10358,United-States,Female,White,50
10418,United-States,Male,White,44
10424,United-States,Male,White,51
10445,United-States,Male,White,28
10448,United-States,Female,White,64
10531,United-States,Female,White,60
10610,United-States,Male,White,38
10614,United-States,Female,White,39
10622,United-States,Female,White,20
10635,United-States,Female,White,36
10646,United-States,Male,White,50
10662,United-States,Male,White,18
10772,South,Female,Asian-Pac-Islander,43
10779,United-States,Male,White,23
10821,United-States,Female,White,23
10843,United-States,Male,White,27
10846,United-States,Female,White,20
10852,United-States,Female,White,34
10878,United-States,Male,White,34
10894,United-States,Female,White,71
10938,United-States,Female,White,28
10942,United-States,Male,White,63
10967,United-States,Male,White,29
10970,United-States,Female,White,21
10973,United-States,Female,Black,50
10980,United-States,Male,White,54
10993,United-States,Male,White,23
10998,United-States,Male,White,65
11060,United-States,Male,White,58
11089,United-States,Male,White,31
11119,England,Male,White,37
11123,United-States,Female,White,39
11148,United-States,Male,White,20
11152,United-States,Male,White,32
11181,United-States,Male,White,47
11187,?,Female,White,65
11204,United-States,Male,White,46
11225,United-States,Male,White,26
11236,United-States,Female,White,31
11239,United-States,Male,Black,35
11244,United-States,Female,White,32
1126,United-States,Male,White,35
11268,United-States,Female,White,32
11302,United-States,Male,White,43
11320,United-States,Male,White,26
11335,United-States,Male,White,50
11346,United-States,Male,Black,50
11370,United-States,Female,White,51
11390,United-States,Female,White,30
11430,United-States,Female,White,31
11439,United-States,Male,White,23
11496,United-States,Male,Black,22
11514,United-States,Male,White,42
1152,?,Male,White,24
11544,United-States,Male,White,30
11565,United-States,Male,White,43
11580,United-States,Male,White,71
11587,United-States,Male,White,40
11602,United-States,Male,Black,36
1161,United-States,Male,White,51
11612,United-States,Male,White,47
11615,United-States,Male,White,59
11630,United-States,Male,Black,22
11634,United-States,Male,White,32
11637,Cambodia,Male,Asian-Pac-Islander,51
1164,United-States,Female,White,50
1166,United-States,Male,White,65
11667,United-States,Male,White,24
11677,United-States,Male,White,41
11684,United-States,Female,Black,30
11692,United-States,Male,White,34
11700,United-States,Male,White,38
11732,United-States,Female,White,76
11768,United-States,Male,White,35
11770,United-States,Female,White,78
11845,United-States,Male,White,36
11859,United-States,Female,White,30
11864,Mexico,Male,White,21
11866,United-States,Female,White,45
11875,United-States,Male,White,63
11877,United-States,Male,White,38
11879,United-States,Male,White,43
11887,United-States,Female,White,44
1193,United-States,Male,White,28
11930,United-States,Male,White,26
11949,United-States,Female,White,31
1197,United-States,Male,White,59
11974,Italy,Male,White,53
12050,United-States,Female,White,54
12076,United-States,Male,Black,34
12077,United-States,Female,Black,61
12082,?,Female,Black,36
12083,United-States,Male,White,56
12112,United-States,Male,White,48
12128,United-States,Male,White,45
1214,United-States,Male,White,20
12142,United-States,Male,Black,55
12169,Italy,Male,White,25
12182,Puerto-Rico,Male,White,57
12238,United-States,Male,Black,40
12240,United-States,Male,Black,46
12246,United-States,Male,White,50
12266,Germany,Female,White,39
12267,Poland,Male,White,28
12309,United-States,Female,White,22
12324,United-States,Male,White,46
12386,United-States,Male,White,28
12389,United-States,Female,White,39
12403,United-States,Female,White,22
12404,United-States,Male,Asian-Pac-Islander,20
12407,United-States,Male,White,71
12420,Jamaica,Male,Black,41
12428,United-States,Female,White,55
12445,United-States,Male,White,46
12454,United-States,Female,White,42
12460,United-States,Male,White,32
12461,United-States,Female,White,36
12470,?,Male,White,31
12501,United-States,Female,White,28
12516,United-States,Male,White,43
12534,United-States,Male,White,24
12537,United-States,Male,White,62
12625,South,Male,Asian-Pac-Islander,51
12638,United-States,Female,Black,55
12678,United-States,Male,White,17
12679,Mexico,Male,White,48
1269,United-States,Male,White,44
12769,United-States,Female,White,44
12821,United-States,Male,White,50
12823,United-States,Female,White,26
12826,United-States,Female,White,19
12881,United-States,Male,White,17
12890,United-States,Male,White,38
12913,Philippines,Female,Asian-Pac-Islander,45
12927,United-States,Male,White,26
12937,United-States,Male,Black,44
12939,United-States,Female,White,52
12941,United-States,Female,White,18
12956,United-States,Female,White,18
12966,United-States,Female,Black,23
13065,United-States,Male,White,49
13088,?,Male,White,25
13094,United-States,Female,White,34
1312,United-States,Female,White,20
13120,United-States,Male,White,51
13134,United-States,Female,White,41
13154,United-States,Male,Black,46
13258,United-States,Female,Black,27
13272,United-States,Male,White,36
13327,United-States,Female,Asian-Pac-Islander,49
13330,United-States,Female,White,64
1335,United-States,Female,White,33
13354,United-States,Female,White,19
13393,United-States,Male,White,23
13396,United-States,Male,White,31
13417,United-States,Female,White,18
13439,United-States,Male,White,38
13445,United-States,Female,White,44
13477,United-States,Female,White,34
13479,United-States,Male,White,32
13485,United-States,Male,White,31
13528,United-States,Male,White,48
13535,United-States,Male,White,54
13601,El-Salvador,Male,White,24
13604,United-States,Male,White,39
13621,United-States,Male,White,33
13623,United-States,Male,White,71
13640,Canada,Female,White,46
13650,United-States,Male,White,45
13651,United-States,Male,White,55
13667,United-States,Female,White,22
13668,United-States,Female,White,64
13679,United-States,Male,White,34
13681,United-States,Male,White,37
1370,United-States,Male,Black,26
13705,United-States,Female,Other,27
13734,United-States,Female,White,27
13746,United-States,Male,White,23
13774,United-States,Male,White,37
1381,United-States,Male,White,23
13874,United-States,Male,White,37
13884,United-States,Male,White,70
13908,United-States,Male,White,30
13909,United-States,Male,White,37
13911,United-States,Male,White,50
13971,?,Male,Asian-Pac-Islander,45
13982,United-States,Male,Black,46
13988,United-States,Male,White,24
13992,United-States,Male,White,31
14000,United-States,Male,White,54
14003,United-States,Male,White,42
14004,United-States,Female,White,60
14016,United-States,Male,White,36
14048,United-States,Male,White,47
14059,United-States,Male,White,20
14075,United-States,Male,White,18
14109,United-States,Male,White,58
14122,United-States,Male,White,31
14139,United-States,Male,White,33
14149,United-States,Male,White,37
14190,United-States,Male,White,69
14191,United-States,Male,Black,50
14262,United-States,Female,White,34
14288,United-States,Male,White,51
14291,United-States,Female,Black,40
14308,United-States,Male,White,45
1431,United-States,Female,White,59
14317,United-States,Female,White,47
14342,United-States,Male,White,36
14355,United-States,Male,White,29
14372,United-States,Male,White,23
1440,United-States,Male,White,50
14481,United-States,Male,White,33
14486,United-States,Female,White,27
14492,United-States,Female,White,22
14506,United-States,Male,White,57
14542,United-States,Male,White,47
14572,South,Male,Asian-Pac-Islander,26
14573,United-States,Male,White,60
14582,?,Male,Asian-Pac-Islander,35
14624,United-States,Male,White,44
14637,United-States,Male,White,31
14639,United-States,Male,White,25
14668,United-States,Male,White,30
14694,United-States,Female,White,47
14712,United-States,Male,White,46
14739,United-States,Female,White,48
14750,United-States,Female,White,44
14759,United-States,Female,White,37
14769,United-States,Male,White,22
14785,United-States,Male,White,17
14809,Italy,Female,White,55
14818,United-States,Male,White,44
14848,United-States,Male,White,33
14879,United-States,Male,White,51
14883,United-States,Male,White,48
14891,United-States,Female,White,26
14912,United-States,Female,White,45
14931,United-States,Male,White,46
14983,United-States,Male,White,47
14987,United-States,Female,White,51
14988,United-States,Female,White,34
14990,Germany,Male,White,52
15060,United-States,Female,White,31
15113,United-States,Female,Black,35
1512,United-States,Male,White,37
15123,United-States,Male,White,30
15203,United-States,Male,White,27
1521,United-States,Female,White,47
15244,United-States,Male,White,49
15307,United-States,Male,White,39
15341,United-States,Male,White,31
15342,Mexico,Male,White,31
15343,United-States,Male,White,46
15361,United-States,Male,White,27
15363,United-States,Male,White,32
1537,United-States,Male,White,43
15399,United-States,Male,White,20
15427,United-States,Male,White,35
15428,United-States,Male,White,20
1543,United-States,Male,White,59
15432,United-States,Male,White,36
15489,United-States,Male,White,45
1551,United-States,Male,White,17
15513,United-States,Male,White,39
15524,United-States,Female,White,43
15554,United-States,Male,White,22
15579,United-States,Male,White,61
1561,United-States,Male,White,45
15636,United-States,Male,White,50
15647,United-States,Male,White,40
15652,United-States,Male,White,56
15654,United-States,Male,White,50
15660,United-States,Male,White,52
15671,United-States,Male,White,39
1569,United-States,Male,White,20
15739,United-States,Male,White,43
15744,United-States,Male,White,47
15750,United-States,Male,White,38
15820,United-States,Female,Amer-Indian-Eskimo,22
15828,Guatemala,Male,White,61
15865,United-States,Female,White,25
15873,United-States,Male,White,58
15903,United-States,Female,Black,26
15963,United-States,Male,White,38
15964,United-States,Female,White,55
1597,United-States,Female,Black,37
15997,United-States,Female,White,68
1601,United-States,Female,White,57
16011,United-States,Female,White,39
16030,United-States,Male,White,24
16041,United-States,Female,Black,23
16062,United-States,Male,White,27
16104,United-States,Male,White,23
16116,United-States,Male,White,41
16138,United-States,Female,White,57
1618,United-States,Male,White,32
16198,United-States,Male,White,70
16269,United-States,Male,White,50
16281,United-States,Male,White,55
16290,United-States,Male,White,21
16299,Mexico,Female,White,22
16314,United-States,Female,Black,52
16358,United-States,Male,White,50
16363,United-States,Male,White,45
16393,United-States,Female,White,32
16421,United-States,Female,White,44
16424,United-States,Male,White,37
16445,United-States,Female,White,52
16476,United-States,Male,White,57
16483,United-States,Male,White,31
16491,United-States,Male,White,25
1651,United-States,Male,White,36
16522,United-States,Female,Black,28
16534,United-States,Male,White,19
16536,United-States,Male,White,33
16550,United-States,Female,Black,28
16575,United-States,Female,White,22
16584,United-States,Female,Black,26
16585,United-States,Male,White,44
16613,United-States,Male,White,53
16616,United-States,Male,White,37
16620,United-States,Female,Asian-Pac-Islander,35
16664,United-States,Male,White,27
16667,United-States,Male,White,45
16671,United-States,Male,White,33
16693,United-States,Male,White,21
16715,United-States,Male,White,41
1673,United-States,Male,White,20
16752,United-States,Male,White,42
16753,United-States,Male,White,29
16760,United-States,Female,White,18
16829,United-States,Male,White,44
16836,United-States,Male,White,44
16849,United-States,Male,White,40
16859,United-States,Female,White,35
16866,United-States,Male,White,48
16900,United-States,Male,White,22
16903,United-States,Male,White,40
16918,Ecuador,Male,White,37
16926,United-States,Female,Black,50
16938,United-States,Male,White,40
16960,United-States,Male,White,62
16988,United-States,Female,White,21
17025,Philippines,Male,Asian-Pac-Islander,29
17037,United-States,Male,White,37
17038,United-States,Female,White,30
17049,United-States,Male,White,50
17076,United-States,Male,White,37
17084,United-States,Male,White,50
17115,United-States,Male,White,51
17136,United-States,Male,Black,50
17153,United-States,Male,White,36
17164,United-States,Male,White,22
17178,United-States,Male,White,22
17191,United-States,Male,Amer-Indian-Eskimo,30
17195,United-States,Female,White,23
17251,United-States,Male,White,34
17265,United-States,Male,White,44
1729,United-States,Male,White,31
17291,United-States,Male,White,42
17317,United-States,Female,White,19
17321,United-States,Male,White,26
17325,United-States,Male,White,28
17345,United-States,Female,White,65
17358,United-States,Male,White,42
17359,United-States,Male,White,33
1736,United-States,Male,White,26
17362,United-States,Male,White,30
17377,United-States,Female,White,51
17456,United-States,Male,White,33
17540,China,Male,Asian-Pac-Islander,48
17579,United-States,Male,White,37
17609,United-States,Male,White,79
17674,United-States,Male,Black,36
17731,United-States,Male,White,26
17741,United-States,Male,White,44
17788,United-States,Female,Black,27
17805,United-States,Female,White,60
17812,United-States,Male,White,36
17815,United-States,Male,White,43
17832,United-States,Female,White,66
17862,United-States,Male,White,33
1791,United-States,Male,White,43
17919,United-States,Male,White,40
17937,United-States,Male,White,52
1799,United-States,Female,White,63
17996,United-States,Male,White,30
18003,United-States,Female,Black,30
18023,United-States,Male,White,63
18024,United-States,Male,White,22
1807,United-States,Male,White,32
18105,United-States,Female,White,25
18134,United-States,Male,White,26
18146,United-States,Male,White,46
18164,United-States,Female,White,36
18219,United-States,Male,White,30
18238,Taiwan,Male,Asian-Pac-Islander,28
18280,United-States,Female,White,65
18297,United-States,Male,White,43
18300,United-States,Male,White,45
18329,United-States,Female,White,39
1834,United-States,Male,White,56
18358,United-States,Male,White,72
18435,Mexico,Male,White,36
18445,United-States,Male,White,36
18510,United-States,Female,White,21
18577,United-States,Female,White,42
18584,United-States,Female,White,33
18610,United-States,Female,Black,52
18633,United-States,Male,White,36
18649,United-States,Female,White,66
18659,United-States,Male,Black,29
18691,United-States,Male,Amer-Indian-Eskimo,51
18729,United-States,Male,White,37
18731,United-States,Male,White,28
18775,Mexico,Male,White,21
18778,United-States,Male,White,36
18806,United-States,Male,White,56
18824,United-States,Female,White,25
18836,United-States,Female,White,19
18848,United-States,Male,White,35
18893,United-States,Male,White,53
18911,United-States,Male,White,52
18958,United-States,Female,White,52
18960,United-States,Male,White,45
18969,United-States,Female,White,37
18977,United-States,Male,White,37
18979,United-States,Male,White,44
19017,United-States,Male,White,33
19030,United-States,Male,White,21
19049,United-States,Male,White,28
19053,United-States,Male,White,27
19078,United-States,Female,White,60
19109,United-States,Female,White,18
19173,United-States,Male,White,17
19190,United-States,Male,White,17
19195,United-States,Female,White,62
19236,United-States,Female,White,17
19239,United-States,Male,White,20
19318,United-States,Male,White,24
19354,United-States,Female,White,60
19363,United-States,Male,White,32
19389,United-States,Male,White,31
19422,United-States,Female,White,41
19430,United-States,Male,White,19
1944,United-States,Female,White,18
19450,United-States,Male,White,44
19454,United-States,Male,White,31
19536,United-States,Male,Other,43
19546,United-States,Male,White,28
19550,United-States,Male,White,38
19553,United-States,Male,White,52
19561,Philippines,Male,Asian-Pac-Islander,29
19600,United-States,Female,White,57
1964,United-States,Male,White,28
19660,United-States,Male,White,49
1967,United-States,Female,Black,28
19679,United-States,Male,White,22
19732,United-States,Male,White,24
19747,United-States,Male,White,90
19785,United-States,Male,White,30
19792,United-States,Male,White,50
19843,United-States,Female,White,40
19867,United-States,Male,White,32
19903,United-States,Male,White,18
19910,United-States,Male,White,36
19932,United-States,Male,White,39
19945,United-States,Female,White,56
19949,Germany,Male,White,48
19968,United-States,Male,White,45
19982,United-States,Male,White,30
19998,United-States,Male,White,54
20094,United-States,Male,Black,21
20166,United-States,Male,Asian-Pac-Islander,27
20199,United-States,Male,Black,25
20203,?,Male,White,22
20220,United-States,Female,Black,37
20285,United-States,Male,White,70
20292,Japan,Female,Asian-Pac-Islander,40
20296,United-States,Female,White,20
20298,United-States,Male,White,41
20384,United-States,Female,Black,35
20386,United-States,Male,White,40
20400,United-States,Female,White,24
20402,United-States,Female,White,26
20420,Ireland,Male,White,35
20427,United-States,Male,Black,54
20502,United-States,Female,White,52
20505,United-States,Male,White,49
20541,United-States,Male,White,52
2060,United-States,Female,Asian-Pac-Islander,47
20601,United-States,Female,White,39
20614,United-States,Female,Black,27
20635,United-States,Male,White,46
20651,United-States,Male,White,56
20661,United-States,Male,White,58
20669,United-States,Male,White,20
20678,United-States,Male,White,18
20689,United-States,Male,White,37
20707,United-States,Male,White,20
20717,United-States,Male,White,24
20734,United-States,Male,White,40
20735,United-States,Female,White,37
2075,United-States,Male,Black,25
20751,United-States,Male,White,36
208,United-States,Female,White,58
20845,United-States,Male,White,36
20860,United-States,Male,White,45
20873,United-States,Male,White,47
20884,United-States,Male,Black,47
20912,United-States,Male,White,42
20927,United-States,Male,White,25
20950,United-States,Female,White,38
20979,United-States,Female,White,28
20987,United-States,Male,White,52
21005,United-States,Male,White,51
21008,United-States,Female,White,23
21035,United-States,Male,White,25
21082,United-States,Female,Black,29
21093,United-States,Female,Black,36
21118,United-States,Male,White,20
21132,United-States,Male,White,45
21138,United-States,Male,White,28
21163,United-States,Male,White,42
21168,United-States,Male,White,43
21197,United-States,Male,White,27
2120,United-States,Female,White,42
21261,United-States,Male,White,45
21278,United-States,Female,White,19
21295,United-States,Male,White,23
21308,United-States,Female,White,18
21309,United-States,Male,White,41
21326,United-States,Female,White,20
21361,United-States,Male,White,41
21364,United-States,Male,White,49
21384,United-States,Male,White,26
21460,United-States,Male,White,18
21477,United-States,Male,Black,25
2154,United-States,Female,White,75
21549,United-States,Female,White,20
21569,France,Male,White,31
21577,United-States,Male,White,37
21646,United-States,Female,Black,46
21696,United-States,Male,Black,37
21699,United-States,Female,White,43
21705,Taiwan,Female,Asian-Pac-Islander,35
21709,United-States,Male,White,25
21756,United-States,Male,White,25
21768,United-States,Female,White,52
21796,United-States,Male,White,40
21828,United-States,Male,White,57
21866,United-States,Male,Black,35
21871,United-States,Male,White,52
21920,United-States,Male,White,63
21934,United-States,Female,White,65
21945,United-States,Female,White,34
21946,United-States,Male,Black,30
21983,United-States,Male,White,35
22008,United-States,Male,White,42
22029,South,Male,Asian-Pac-Islander,23
22043,United-States,Female,White,18
22052,United-States,Male,White,52
22060,United-States,Male,White,67
22072,United-States,Male,White,36
22121,United-States,Male,White,54
22137,United-States,Male,White,28
22183,United-States,Male,White,59
22223,United-States,Male,Black,47
22226,United-States,Male,White,37
22229,United-States,Male,White,18
22260,United-States,Male,White,31
22264,?,Female,White,31
22271,United-States,Male,White,56
22276,United-States,Male,White,39
22280,United-States,Male,White,59
22310,United-States,Female,White,42
22320,United-States,Female,White,42
22343,United-States,Female,White,64
22351,?,Male,Black,33
22370,United-States,Male,White,49
22440,United-States,Male,White,36
22456,United-States,Female,White,32
22458,United-States,Female,White,39
22464,United-States,Male,White,24
22469,United-States,Female,Black,45
22483,United-States,Male,Black,26
22485,United-States,Male,White,25
22490,United-States,Male,White,23
22509,United-States,Female,White,27
22512,Mexico,Male,White,46
22537,United-States,Male,White,45
22564,China,Female,Asian-Pac-Islander,34
2257,United-States,Female,White,20
22588,United-States,Male,White,36
22591,United-States,Female,White,39
22593,United-States,Male,White,41
22623,United-States,Male,White,60
22628,United-States,Male,White,38
22631,United-States,Male,White,64
22668,United-States,Male,White,40
22671,Mexico,Male,White,32
22681,United-States,Female,White,47
22684,United-States,Male,White,54
22687,United-States,Male,White,19
22731,United-States,Female,White,66
22749,United-States,Male,White,65
22758,United-States,Male,White,36
2276,United-States,Female,White,47
22764,United-States,Male,White,44
22781,United-States,Female,White,53
22791,United-States,Male,White,39
22799,United-States,Female,White,25
22807,United-States,Male,White,53
22810,United-States,Male,White,25
22821,United-States,Male,White,29
22841,United-States,Female,White,26
2288,Haiti,Female,Black,34
22885,United-States,Female,White,20
22909,United-States,Male,White,30
22917,United-States,Female,White,21
22918,United-States,Female,White,60
22941,United-States,Male,White,44
22950,United-States,Female,White,20
2301,United-States,Female,White,45
23015,United-States,Male,White,42
23051,United-States,Male,Black,64
2306,United-States,Male,White,42
23098,United-States,Male,White,40
23115,?,Male,White,24
23126,United-States,Male,White,40
23156,United-States,Female,Black,33
23166,United-States,Female,White,21
23172,United-States,Male,Black,37
2318,United-States,Male,White,62
23229,United-States,Male,White,45
23254,United-States,Male,White,25
23276,United-States,Male,White,52
23278,United-States,Male,White,44
23373,United-States,Female,White,17
234,United-States,Male,White,28
23407,United-States,Male,White,25
23426,United-States,Male,White,55
23486,United-States,Male,White,39
23492,United-States,Male,White,37
235,United-States,Male,White,59
23514,United-States,Female,Black,33
2352,United-States,Male,White,37
23535,United-States,Male,White,59
23568,United-States,Male,White,41
2359,United-States,Male,White,20
23598,United-States,Male,White,42
23618,United-States,Male,White,41
23631,Cuba,Male,White,53
23646,Mexico,Male,White,42
2365,United-States,Female,Black,47
23678,United-States,Male,White,69
23679,United-States,Male,White,19
23697,United-States,Female,White,25
23698,United-States,Male,White,23
23703,United-States,Female,White,38
23742,United-States,Female,White,67
23752,United-States,Male,White,36
23760,United-States,Male,White,51
2379,United-States,Male,White,42
23841,United-States,Male,White,37
23896,United-States,Male,White,39
2394,United-States,Female,White,18
23961,United-States,Male,White,58
23971,United-States,Male,White,29
23997,United-States,Female,White,23
24005,United-States,Male,White,49
24022,United-States,Female,White,24
24065,United-States,Male,White,36
24070,United-States,Female,Asian-Pac-Islander,33
24108,United-States,Male,White,41
24125,United-States,Male,White,50
24140,United-States,Male,White,55
24146,United-States,Male,White,52
24173,United-States,Male,White,27
24178,United-States,Male,Asian-Pac-Islander,36
24195,United-States,Male,Black,29
2421,United-States,Female,White,68
24212,United-States,Female,Black,37
24215,United-States,Male,White,58
24267,United-States,Male,White,36
24275,United-States,Male,White,26
24315,United-States,Male,White,53
24320,United-States,Male,White,49
24350,United-States,Male,White,43
2436,United-States,Male,White,31
2437,United-States,Male,Black,39
24407,United-States,Male,White,52
24409,United-States,Male,White,73
24494,United-States,Female,White,30
24512,Mexico,Female,White,28
24516,United-States,Female,White,45
24534,United-States,Male,White,55
24541,United-States,Male,White,50
24545,United-States,Female,White,46
24557,United-States,Female,White,53
24566,United-States,Female,White,22
24586,United-States,Female,White,33
24613,United-States,Male,White,47
24621,United-States,Male,White,64
24628,United-States,Male,White,56
24654,United-States,Male,White,36
24676,United-States,Female,White,29
24699,United-States,Male,White,52
24704,United-States,Male,White,60
24756,United-States,Male,White,54
24757,United-States,Female,White,34
24769,United-States,Female,White,19
24814,Mexico,Male,White,37
24815,United-States,Female,White,50
24901,United-States,Male,White,19
24918,United-States,Female,White,31
24937,United-States,Male,White,44
24941,United-States,Female,White,48
24942,United-States,Female,White,25
24972,United-States,Male,White,41
24974,United-States,Female,Black,50
25034,United-States,Female,White,33
2504,United-States,Male,White,61
25056,United-States,Female,White,18
2509,United-States,Male,Asian-Pac-Islander,31
25091,United-States,Female,White,50
25098,United-States,Female,White,56
25115,United-States,Female,Black,25
25129,Cuba,Male,White,47
25160,United-States,Male,White,38
25169,United-States,Male,White,19
25174,United-States,Male,White,50
25206,United-States,Female,White,47
25233,United-States,Male,White,37
25257,United-States,Male,Black,44
25261,United-States,Male,White,50
25295,United-States,Female,White,61
25313,?,Male,White,47
25325,United-States,Male,White,18
25331,United-States,Male,White,37
25335,United-States,Male,White,46
25340,Mexico,Female,White,26
25371,United-States,Male,White,32
25428,United-States,Male,White,22
25433,United-States,Male,White,24
25444,United-States,Male,White,56
25453,United-States,Male,White,17
25467,United-States,Male,White,31
2549,?,Female,White,43
25494,United-States,Female,White,23
25503,United-States,Male,White,48
25523,United-States,Female,White,29
25553,United-States,Male,White,45
25568,United-States,Male,White,73
25607,United-States,Female,White,55
25616,United-States,Female,Black,42
25633,United-States,Male,White,56
25660,United-States,Male,White,43
25661,United-States,Male,White,47
25708,United-States,Male,White,43
25715,United-States,Male,White,35
25738,United-States,Female,White,39
25746,United-States,Male,White,42
25747,United-States,Male,White,23
25773,Canada,Male,White,22
25777,United-States,Male,White,67
25796,United-States,Male,White,46
25848,United-States,Female,Black,42
25879,United-States,Female,White,20
25901,United-States,Female,White,37
25929,Puerto-Rico,Female,White,44
25935,United-States,Female,White,30
25952,United-States,Male,White,48
26009,United-States,Male,White,19
26062,United-States,Female,White,23
26066,United-States,Female,White,38
26137,United-States,Female,White,20
26146,United-States,Male,White,31
26182,United-States,Male,White,44
26196,United-States,Male,Amer-Indian-Eskimo,28
26206,United-States,Male,White,53
26211,United-States,Male,White,46
26212,United-States,Male,White,26
26215,United-States,Male,White,28
26217,United-States,Male,White,44
26219,United-States,Male,White,42
26243,United-States,Female,Amer-Indian-Eskimo,50
26247,United-States,Male,White,45
26253,United-States,Male,White,39
26282,United-States,Female,White,18
2630,United-States,Male,White,42
26302,United-States,Male,White,42
26311,United-States,Male,White,35
26361,United-States,Male,White,31
26363,?,Male,White,48
26385,United-States,Female,White,29
26399,United-States,Male,White,30
26409,United-States,Male,White,41
26410,United-States,Female,White,38
26421,United-States,Male,White,21
26448,United-States,Male,Black,25
26462,United-States,Male,White,60
26493,United-States,Male,White,51
26510,United-States,Female,White,34
2654,United-States,Male,Asian-Pac-Islander,37
26564,United-States,Male,White,43
26574,United-States,Female,Black,38
26603,United-States,Male,Black,36
26611,United-States,Female,White,45
26628,United-States,Male,White,22
26650,United-States,Female,White,34
26655,United-States,Male,White,38
26658,United-States,Male,Black,35
26668,United-States,Male,White,33
26670,United-States,Male,White,34
26672,United-States,Male,White,30
26726,United-States,Male,White,58
26738,United-States,Female,White,19
2676,United-States,Male,White,62
26761,United-States,Female,White,18
26762,?,Male,Asian-Pac-Islander,23
26782,Cuba,Male,White,54
26792,Philippines,Male,Asian-Pac-Islander,62
26825,United-States,Male,White,49
26827,United-States,Male,White,37
2689,United-States,Female,White,22
26920,United-States,Male,White,41
26921,United-States,Female,White,19
2699,United-States,Female,White,40
270,United-States,Male,White,61
27009,United-States,Female,White,20
27031,United-States,Female,White,22
27045,United-States,Female,White,63
27063,United-States,Female,White,38
27075,United-States,Male,White,40
27115,Honduras,Male,White,28
2713,United-States,Female,White,39
27149,United-States,Male,White,44
2721,United-States,Male,White,34
27216,United-States,Female,White,44
2723,United-States,Female,White,26
27245,United-States,Female,White,43
27254,United-States,Male,White,49
27274,United-States,Male,White,39
27314,United-States,Male,White,51
27336,United-States,Male,White,26
27363,United-States,Male,White,62
27382,United-States,Female,White,19
27404,United-States,Female,Black,61
27415,United-States,Female,White,21
27433,United-States,Male,Asian-Pac-Islander,29
2744,United-States,Male,White,43
27459,United-States,Female,White,38
27485,United-States,Male,White,28
27488,Mexico,Male,White,27
27506,United-States,Male,White,44
27523,United-States,Male,White,30
27535,United-States,Male,Black,28
2754,United-States,Male,White,80
27551,United-States,Male,White,20
27620,United-States,Male,White,23
27657,United-States,Female,Amer-Indian-Eskimo,48
27673,United-States,Female,White,22
27716,United-States,Male,White,39
27783,United-States,Female,White,20
27785,United-States,Male,White,62
27812,United-States,Female,White,28
27832,United-States,Male,White,38
27851,United-States,Male,White,34
2786,United-States,Male,White,30
27885,United-States,Female,White,36
27892,United-States,Male,White,38
27893,United-States,Female,White,18
27908,Poland,Male,White,61
27920,United-States,Female,White,23
27956,United-States,Male,White,37
27966,United-States,Male,White,30
27971,United-States,Male,White,67
27993,United-States,Female,White,59
28010,United-States,Male,White,28
28018,?,Male,White,30
28046,United-States,Male,White,32
28049,Hong,Male,Asian-Pac-Islander,26
2806,United-States,Male,White,47
28063,United-States,Male,White,54
28080,United-States,Female,White,21
28083,United-States,Male,White,28
2811,United-States,Female,Black,53
28119,United-States,Female,White,31
28148,United-States,Female,White,55
28175,United-States,Male,White,19
28279,United-States,Male,Black,34
28310,United-States,Male,White,57
28314,United-States,Male,White,45
28318,United-States,Male,Black,38
28319,United-States,Male,White,19
28359,United-States,Male,White,53
28391,United-States,Female,White,48
28394,United-States,Female,White,20
28408,United-States,Male,White,27
28410,United-States,Male,Black,23
28412,United-States,Female,White,26
28429,United-States,Male,White,31
28439,Portugal,Male,White,49
28452,India,Male,Asian-Pac-Islander,53
28510,United-States,Male,White,35
28522,United-States,Male,White,42
28556,United-States,Male,White,34
28566,United-States,Male,White,31
28596,United-States,Male,White,31
28610,United-States,Male,White,38
28611,United-States,Male,White,29
28619,United-States,Female,White,38
28629,United-States,Male,White,61
28636,United-States,Male,White,55
28642,United-States,Male,White,30
28645,United-States,Male,White,56
28671,United-States,Male,White,48
2870,United-States,Male,White,43
28709,United-States,Female,White,26
28715,Puerto-Rico,Female,White,57
2872,United-States,Male,White,46
28720,United-States,Male,White,28
28734,United-States,Male,White,41
28773,Vietnam,Male,Asian-Pac-Islander,21
2878,United-States,Male,White,31
28842,United-States,Male,White,52
28861,United-States,Male,White,19
28886,United-States,Female,White,38
28889,Mexico,Male,White,41
28891,United-States,Male,White,23
28985,United-States,Male,White,49
29000,United-States,Female,White,28
29021,United-States,Female,Amer-Indian-Eskimo,28
29071,United-States,Male,White,46
29075,United-States,Female,White,52
29112,United-States,Male,White,33
2912,United-States,Female,White,40
2913,United-States,Female,White,30
29132,United-States,Male,White,50
29153,United-States,Male,White,25
29162,United-States,Male,White,23
29173,United-States,Male,White,61
29194,United-States,Female,White,39
29204,United-States,Male,White,27
29217,United-States,Male,White,22
29224,United-States,Female,White,39
29245,United-States,Male,White,58
29252,United-States,Female,White,22
29341,United-States,Male,White,53
2942,United-States,Male,White,24
29456,United-States,Female,White,29
29485,United-States,Male,White,30
29489,United-States,Male,White,36
295,United-States,Male,White,65
29508,United-States,Female,White,18
29510,United-States,Male,White,46
29573,United-States,Female,Black,64
29618,United-States,Female,White,44
29651,United-States,Male,White,24
29665,United-States,Male,White,35
29666,United-States,Female,White,22
2967,United-States,Female,White,75
29694,United-States,Female,White,56
29697,United-States,Female,White,29
29711,United-States,Female,White,34
2972,United-States,Male,White,35
29740,United-States,Male,White,50
29753,United-States,Male,White,45
29788,United-States,Male,White,34
29791,United-States,Male,White,64
29805,United-States,Male,White,62
29911,United-States,Female,White,50
29935,United-States,Female,White,31
29994,United-States,Female,White,41
30001,United-States,Male,Black,27
30055,United-States,Male,White,40
30115,United-States,Female,Amer-Indian-Eskimo,46
30134,United-States,Male,White,43
30164,United-States,Female,White,42
302,United-States,Male,White,31
30220,United-States,Female,White,39
30254,United-States,Male,White,60
30260,United-States,Male,White,32
30296,United-States,Male,White,22
303,United-States,Male,White,55
30317,United-States,Female,White,33
30328,United-States,Male,White,17
30349,United-States,Male,Black,46
30374,United-States,Male,White,42
30393,United-States,Male,White,39
30400,Germany,Male,White,50
30419,United-States,Female,White,23
30439,United-States,Female,White,24
30443,Jamaica,Male,Black,28
30463,United-States,Male,White,38
30482,United-States,Male,White,46
30486,United-States,Male,White,34
30488,United-States,Female,Black,55
3050,United-States,Male,White,57
30523,United-States,Male,Black,22
30530,United-States,Male,White,57
30576,United-States,Female,White,46
30578,United-States,Male,White,29
30593,United-States,Male,White,34
30609,United-States,Male,Black,42
30633,United-States,Male,White,18
30660,United-States,Female,White,21
30695,United-States,Male,White,47
30699,United-States,Female,White,43
3070,United-States,Female,White,27
3071,United-States,Male,White,35
30725,United-States,Male,White,26
30726,United-States,Male,White,47
30750,United-States,Male,White,25
30780,United-States,Male,White,29
30794,United-States,Male,White,19
30822,United-States,Female,White,21
30830,United-States,Male,White,33
30864,United-States,Male,Amer-Indian-Eskimo,44
3087,United-States,Female,White,46
30881,Nicaragua,Male,White,20
30885,United-States,Male,White,59
30900,United-States,Female,White,29
30933,United-States,Female,White,25
30972,United-States,Female,White,21
3101,United-States,Male,White,65
31026,United-States,Male,White,29
31050,United-States,Female,White,43
31063,United-States,Male,White,57
31097,United-States,Male,White,56
31109,United-States,Female,Black,27
31111,United-States,Male,Black,22
31114,United-States,Male,White,28
31143,United-States,Male,White,26
31156,United-States,Male,White,20
31158,United-States,Female,Black,37
31165,United-States,Female,White,31
31177,United-States,Female,White,50
31188,United-States,Male,White,38
31195,United-States,Male,White,36
31216,United-States,Male,White,51
31293,United-States,Male,White,54
31329,United-States,Female,White,28
3137,United-States,Male,White,51
3140,United-States,Male,White,44
31403,United-States,Male,White,51
31408,United-States,Female,White,27
31432,United-States,Male,White,87
31447,United-States,Male,White,60
31451,United-States,Female,White,36
31454,United-States,Female,White,30
31456,United-States,Male,White,30
31486,Haiti,Female,Black,41
31507,United-States,Male,White,38
3151,United-States,Male,White,24
31518,Mexico,Male,White,38
31530,United-States,Male,White,52
31538,United-States,Male,White,73
31560,United-States,Female,White,40
31654,United-States,Male,White,54
3167,United-States,Male,White,38
3169,United-States,Male,White,41
31724,United-States,Female,White,45
31740,United-States,Male,White,40
31742,United-States,Male,White,44
31805,United-States,Male,White,19
31813,United-States,Male,White,44
3182,United-States,Male,White,29
31861,United-States,Male,White,27
31863,United-States,Male,White,40
31869,United-States,Male,White,34
3189,United-States,Male,White,43
31890,United-States,Female,White,46
3191,United-States,Female,Black,51
31921,United-States,Female,White,25
31990,United-States,Male,White,46
32022,United-States,Female,White,38
3203,United-States,Female,White,39
32031,Mexico,Male,White,35
32032,United-States,Female,White,40
32038,United-States,Male,White,52
32049,United-States,Male,White,32
3212,United-States,Male,White,49
32126,United-States,Female,White,23
32146,United-States,Male,White,39
32202,United-States,Male,White,28
32210,United-States,Male,White,31
3226,United-States,Male,White,58
32260,United-States,Male,White,39
32261,United-States,Male,White,30
32287,United-States,Male,White,54
32317,United-States,Female,White,63
32375,United-States,Male,White,59
32401,United-States,Female,Black,52
3241,United-States,Male,Black,41
32411,United-States,Male,White,26
32421,United-States,Female,Black,31
32446,United-States,Female,Black,53
32450,United-States,Male,Black,38
32497,United-States,Female,White,34
32518,United-States,Male,White,57
32528,United-States,Female,White,31
32541,United-States,Female,Black,41
3261,United-States,Male,White,26
3268,United-States,Male,Black,30
3284,United-States,Male,White,27
3314,United-States,Male,Black,47
3319,United-States,Male,White,20
3324,United-States,Female,White,59
3334,United-States,Male,Black,26
3342,United-States,Female,White,40
340,United-States,Male,White,26
3413,United-States,Male,White,34
3422,United-States,Female,White,40
3437,United-States,Male,White,63
3454,United-States,Female,Black,49
3462,United-States,Male,White,31
3474,United-States,Female,White,43
3488,United-States,Female,White,26
3495,?,Male,Black,21
3498,United-States,Male,White,20
3516,United-States,Female,White,19
353,United-States,Male,White,46
3534,United-States,Male,White,21
36,United-States,Male,White,21
3627,China,Male,Asian-Pac-Islander,36
3631,United-States,Male,White,60
3632,United-States,Female,White,25
3648,United-States,Female,White,26
3651,United-States,Male,White,34
3655,United-States,Male,White,42
3682,United-States,Male,Black,38
3696,Mexico,Female,White,23
3711,United-States,Male,White,42
3730,United-States,Female,White,26
374,United-States,Male,Black,44
3759,United-States,Male,White,68
3768,United-States,Male,White,28
3769,United-States,Female,White,27
377,United-States,Male,White,23
378,United-States,Male,White,46
3780,United-States,Female,White,51
384,United-States,Female,White,36
3847,United-States,Female,White,44
3849,United-States,Female,White,38
3861,United-States,Male,Black,51
3863,United-States,Male,White,62
3909,Taiwan,Male,Asian-Pac-Islander,33
3977,United-States,Male,White,24
3988,United-States,Male,White,52
3991,United-States,Male,White,19
4006,?,Male,Asian-Pac-Islander,35
4016,United-States,Male,White,28
4033,Jamaica,Male,Black,21
4062,United-States,Female,White,18
4064,United-States,Male,White,58
4082,United-States,Male,White,52
4083,United-States,Female,White,59
4105,United-States,Male,White,46
4114,United-States,Female,White,33
4127,United-States,Male,White,39
4162,United-States,Male,White,49
4175,United-States,Male,White,49
4195,United-States,Male,White,21
4212,United-States,Female,White,54
4223,United-States,Male,White,33
4243,United-States,Male,White,24
4246,United-States,Female,White,39
4263,United-States,Female,White,36
4279,United-States,Female,White,46
436,United-States,Male,Black,34
4365,United-States,Male,White,32
4378,United-States,Female,White,45
4429,United-States,Male,White,64
4459,United-States,Male,White,37
4480,India,Male,Asian-Pac-Islander,30
4485,Jamaica,Female,White,27
4490,United-States,Male,White,29
4498,United-States,Female,Black,35
4526,United-States,Female,Black,47
4556,United-States,Female,White,33
4582,United-States,Female,White,37
4614,United-States,Male,White,42
4632,United-States,Male,White,59
466,United-States,Male,White,52
4673,United-States,Male,White,64
4677,United-States,Male,White,61
4678,United-States,Female,Black,40
471,United-States,Male,White,22
473,United-States,Male,White,30
4746,United-States,Male,White,28
4753,United-States,Male,Black,47
4763,United-States,Male,White,31
4765,Ireland,Male,White,30
4794,United-States,Male,White,48
4835,United-States,Female,Black,28
4873,United-States,Male,White,35
4896,United-States,Male,White,20
490,United-States,Female,White,40
4913,Cuba,Female,White,23
4928,United-States,Male,White,48
4949,United-States,Male,White,44
4956,United-States,Male,White,41
4966,United-States,Male,Black,23
5024,United-States,Male,White,45
5040,United-States,Female,White,53
5057,United-States,Male,White,26
507,United-States,Male,White,43
5075,United-States,Female,White,36
5076,United-States,Female,Black,32
5112,Poland,Male,White,39
5119,United-States,Female,Black,39
5125,United-States,Male,White,20
5150,United-States,Male,White,42
5151,United-States,Female,White,51
5175,United-States,Male,White,42
519,United-States,Male,White,34
5202,United-States,Male,White,41
5268,United-States,Female,White,22
5306,United-States,Male,White,29
5308,United-States,Male,White,26
5326,United-States,Male,White,59
5369,United-States,Male,Black,30
5375,United-States,Female,Black,31
5388,Germany,Male,White,35
5444,United-States,Male,White,48
5448,United-States,Male,Asian-Pac-Islander,35
545,United-States,Female,White,32
5483,United-States,Female,White,22
551,United-States,Female,White,36
5511,United-States,Female,White,48
5515,United-States,Female,White,21
5517,United-States,Male,White,35
5525,Philippines,Female,Asian-Pac-Islander,34
5533,United-States,Female,White,26
5539,United-States,Male,White,21
5555,United-States,Male,White,57
5568,United-States,Male,Black,47
5575,United-States,Male,White,58
5607,United-States,Male,Black,39
5610,United-States,Male,White,39
562,United-States,Male,White,47
5624,United-States,Female,Amer-Indian-Eskimo,21
5626,United-States,Female,Black,43
5640,United-States,Male,Black,35
5643,United-States,Male,White,38
5645,United-States,Female,White,34
5672,United-States,Male,White,30
5679,United-States,Male,White,76
5688,United-States,Female,White,41
5755,United-States,Male,White,56
5762,United-States,Male,White,42
5776,United-States,Male,White,34
5779,United-States,Male,Black,33
5827,United-States,Male,White,54
5828,United-States,Female,White,17
585,United-States,Female,White,21
5861,United-States,Male,White,66
5888,United-States,Male,White,64
5894,United-States,Male,White,30
5895,United-States,Female,White,26
5904,United-States,Male,White,34
5938,United-States,Male,White,52
5942,United-States,Male,White,26
597,United-States,Male,White,42
5975,Mexico,Male,White,62
5994,United-States,Male,White,38
5996,United-States,Male,White,20
6008,United-States,Male,White,51
6016,United-States,Male,White,65
6029,United-States,Female,White,38
6076,United-States,Male,White,29
6199,United-States,Female,White,32
620,United-States,Female,White,23
6205,United-States,Male,White,40
6231,United-States,Male,White,66
628,United-States,Male,White,33
6282,United-States,Male,White,39
6316,United-States,Male,Black,23
6325,United-States,Male,White,48
6338,United-States,Male,White,34
6345,United-States,Male,White,42
6384,United-States,Male,White,35
6391,United-States,Female,Amer-Indian-Eskimo,41
6407,United-States,Male,White,54
6418,United-States,Male,White,20
6458,United-States,Female,White,47
6512,United-States,Male,White,37
6587,United-States,Male,White,22
6620,Mexico,Male,White,26
6642,United-States,Male,White,46
6645,United-States,Male,White,43
6646,United-States,Male,White,37
6701,United-States,Male,White,56
6738,United-States,Male,White,36
674,United-States,Male,White,50
6743,United-States,Male,White,39
6752,United-States,Male,Amer-Indian-Eskimo,41
676,United-States,Male,White,17
6760,United-States,Male,White,41
6816,United-States,Female,White,47
6857,United-States,Female,White,45
6898,United-States,Male,White,53
6910,United-States,Male,White,30
694,United-States,Female,White,23
6952,Thailand,Female,Asian-Pac-Islander,46
6959,United-States,Male,White,69
7,United-States,Male,White,52
7004,United-States,Female,White,61
7008,United-States,Male,Black,49
7010,United-States,Male,White,37
7011,United-States,Male,White,23
7026,United-States,Female,White,38
7033,United-States,Male,Black,61
7059,South,Female,Asian-Pac-Islander,45
7060,United-States,Male,Asian-Pac-Islander,46
7116,United-States,Male,White,19
7132,United-States,Female,White,20
7138,United-States,Male,White,34
7140,United-States,Male,White,47
715,United-States,Female,Black,31
7156,United-States,Male,White,36
7170,United-States,Male,White,24
7240,United-States,Male,White,26
7249,United-States,Male,Black,38
7256,United-States,Female,White,40
7272,United-States,Male,Black,49
7285,India,Male,Asian-Pac-Islander,54
7290,United-States,Female,White,39
7326,United-States,Male,Black,37
7378,United-States,Female,White,23
7425,United-States,Female,White,30
7433,Guatemala,Female,White,23
7457,United-States,Female,White,22
7476,United-States,Male,White,41
7478,United-States,Female,White,35
7504,United-States,Female,White,26
7580,United-States,Male,White,49
7605,United-States,Male,Asian-Pac-Islander,56
7614,Mexico,Male,White,43
7622,United-States,Female,White,35
7662,United-States,Male,White,40
7669,United-States,Male,Asian-Pac-Islander,58
7671,United-States,Male,White,47
7681,United-States,Male,White,30
7684,United-States,Male,White,32
7697,Vietnam,Male,Asian-Pac-Islander,53
7707,United-States,Male,White,70
7718,United-States,Male,White,50
7743,United-States,Male,White,20
7760,United-States,Female,White,20
7795,United-States,Female,White,28
7807,United-States,Male,White,54
7843,United-States,Male,White,42
788,United-States,Male,White,59
7914,United-States,Male,White,49
793,United-States,Female,White,23
7936,United-States,Male,White,32
7938,United-States,Male,White,21
7947,United-States,Male,White,17
7966,United-States,Male,White,46
797,United-States,Male,Black,25
7990,?,Male,White,27
8009,United-States,Male,White,44
802,United-States,Male,White,68
8027,United-States,Female,White,45
8066,South,Male,Asian-Pac-Islander,61
8089,United-States,Female,Amer-Indian-Eskimo,51
8112,China,Male,Asian-Pac-Islander,48
8116,United-States,Male,White,41
8117,United-States,Male,White,35
8126,United-States,Male,White,27
8165,Scotland,Female,White,42
817,United-States,Male,White,56
8184,United-States,Male,White,59
8186,United-States,Male,White,21
8189,United-States,Female,Black,23
8202,United-States,Male,White,36
8224,United-States,Male,White,29
8226,United-States,Male,White,35
8288,United-States,Male,Amer-Indian-Eskimo,36
8301,United-States,Male,White,51
8305,United-States,Female,White,58
831,United-States,Female,White,53
8316,United-States,Male,White,64
8320,United-States,Female,White,57
8325,United-States,Male,White,50
8350,El-Salvador,Male,White,25
8384,United-States,Female,White,22
8393,United-States,Male,White,50
8399,United-States,Male,White,19
8401,United-States,Male,White,48
8426,United-States,Male,White,38
8428,United-States,Female,White,49
8436,United-States,Male,Black,67
8458,United-States,Male,White,39
8488,United-States,Male,White,27
8491,United-States,Male,White,35
8554,United-States,Male,White,43
8572,Vietnam,Male,Asian-Pac-Islander,35
8577,United-States,Male,White,59
8585,United-States,Female,White,38
8587,Mexico,Female,White,20
8610,United-States,Male,White,24
8630,United-States,Male,White,21
8653,United-States,Male,White,42
8661,United-States,Female,White,37
8666,United-States,Male,White,29
8677,United-States,Male,White,25
8680,United-States,Male,White,25
8739,United-States,Male,White,43
8742,United-States,Male,White,50
8750,United-States,Female,White,30
8760,United-States,Female,Black,54
8766,United-States,Male,White,42
8780,United-States,Female,White,39
880,United-States,Female,White,49
8809,Taiwan,Male,White,34
8860,United-States,Male,White,56
8894,United-States,Female,White,43
8918,United-States,Male,White,34
8940,United-States,Male,White,27
8949,United-States,Female,White,60
8957,United-States,Male,White,44
8994,Jamaica,Male,Black,29
9019,United-States,Male,White,56
9022,United-States,Male,White,45
9033,United-States,Male,White,41
9037,United-States,Male,White,22
905,United-States,Female,White,46
9057,United-States,Male,White,27
9058,United-States,Female,White,27
9061,United-States,Female,White,23
9074,United-States,Male,White,54
9078,United-States,Male,White,23
9082,United-States,Female,White,73
9093,United-States,Male,White,58
9113,United-States,Male,Black,47
914,United-States,Male,Black,23
9142,United-States,Male,White,70
9148,United-States,Female,White,21
9191,United-States,Male,White,40
9265,England,Male,White,59
9282,United-States,Male,White,52
9329,United-States,Male,White,52
9343,United-States,Male,White,20
9349,United-States,Female,White,21
9365,United-States,Male,White,46
9368,United-States,Female,White,21
9392,United-States,Male,White,46
9395,United-States,Female,White,31
9408,United-States,Male,White,38
942,United-States,Male,White,38
9455,United-States,Male,White,23
9492,United-States,Female,White,38
9569,United-States,Male,White,34
9611,United-States,Female,White,19
9643,United-States,Male,White,64
9687,United-States,Male,White,37
9688,United-States,Male,White,22
9718,United-States,Male,White,49
9724,United-States,Male,White,26
9763,United-States,Female,White,43
98,England,Female,White,48
9851,United-States,Female,White,17
9860,Taiwan,Female,Asian-Pac-Islander,20
9861,United-States,Male,White,48
9888,United-States,Female,White,22
9936,United-States,Male,White,67
9948,United-States,Male,White,41
9967,United-States,Female,White,61
9980,United-States,Male,White,29
