record_id,age,sex,race,marital-status,relationship
1,50,Male,White,Married-civ-spouse,Husband
1000,20,Male,White,Never-married,Own-child
10010,56,Male,White,Married-civ-spouse,Husband
1002,38,Female,White,Married-civ-spouse,Wife
10025,45,Male,White,Married-civ-spouse,Husband
10032,33,Female,White,Never-married,Not-in-family
10033,28,Male,Amer-Indian-Eskimo,Divorced,Not-in-family
10051,32,Male,White,Never-married,Not-in-family
10056,18,Male,White,Never-married,Own-child
10072,18,Female,White,Never-married,Not-in-family
10081,25,Male,White,Married-civ-spouse,Husband
10084,38,Female,Black,Divorced,Unmarried
10086,34,Male,White,Married-civ-spouse,Husband
10091,29,Male,Asian-Pac-Islander,Married-civ-spouse,Husband
10145,28,Male,White,Married-civ-spouse,Husband
10223,27,Male,White,Married-civ-spouse,Husband
10254,31,Male,White,Never-married,Own-child
10297,37,Female,White,Married-spouse-absent,Not-in-family
10361,19,Female,White,Never-married,Own-child
10371,37,Male,White,Married-civ-spouse,Husband
10400,19,Female,White,Never-married,Own-child
10434,45,Female,White,Divorced,Unmarried
10439,18,Female,White,Never-married,Not-in-family
10493,48,Male,White,Married-civ-spouse,Husband
105,32,Male,White,Married-civ-spouse,Husband
10502,29,Female,White,Never-married,Not-in-family
10511,33,Male,White,Married-civ-spouse,Husband
10522,56,Male,White,Never-married,Not-in-family
10524,26,Female,White,Never-married,Not-in-family
10539,22,Female,Black,Never-married,Not-in-family
10562,36,Male,Black,Married-civ-spouse,Husband
10566,38,Male,White,Married-civ-spouse,Other-relative
1057,41,Female,White,Divorced,Not-in-family
10610,38,Male,White,Married-civ-spouse,Husband
10618,53,Male,White,Married-civ-spouse,Husband
10621,38,Male,White,Married-civ-spouse,Husband
1066,35,Male,White,Married-civ-spouse,Husband
10664,45,Male,White,Divorced,Unmarried
10694,25,Male,White,Never-married,Not-in-family
10737,55,Male,White,Married-civ-spouse,Husband
1075,19,Male,White,Never-married,Own-child
10771,46,Male,White,Married-civ-spouse,Husband
10788,47,Female,White,Separated,Unmarried
10807,54,Female,White,Divorced,Not-in-family
10818,32,Male,White,Married-civ-spouse,Husband
10828,68,Male,Amer-Indian-Eskimo,Married-civ-spouse,Husband
10832,24,Male,White,Never-married,Not-in-family
10834,35,Female,White,Divorced,Not-in-family
10852,34,Female,White,Never-married,Unmarried
10861,43,Female,Black,Never-married,Unmarried
10864,57,Female,White,Divorced,Not-in-family
10866,44,Male,White,Married-civ-spouse,Husband
10870,35,Male,White,Married-civ-spouse,Husband
10907,25,Male,Black,Married-civ-spouse,Husband
10923,30,Male,White,Never-married,Own-child
10945,45,Male,White,Married-civ-spouse,Husband
10960,36,Male,White,Married-civ-spouse,Husband
11046,23,Male,White,Never-married,Own-child
11049,55,Male,White,Married-civ-spouse,Other-relative
11079,35,Male,White,Married-civ-spouse,Husband
11084,17,Male,White,Never-married,Not-in-family
11123,39,Female,White,Never-married,Not-in-family
11139,35,Male,White,Married-civ-spouse,Husband
11210,36,Female,White,Separated,Unmarried
11228,30,Male,White,Separated,Not-in-family
1130,30,Female,Black,Never-married,Not-in-family
11324,65,Male,White,Married-civ-spouse,Husband
11331,23,Female,White,Never-married,Own-child
11336,41,Male,Black,Never-married,Not-in-family
1135,31,Male,White,Married-civ-spouse,Husband
11363,32,Male,White,Married-civ-spouse,Husband
11390,30,Female,White,Divorced,Unmarried
11394,45,Male,Black,Married-civ-spouse,Husband
114,36,Female,White,Never-married,Own-child
11414,41,Male,White,Never-married,Not-in-family
11418,38,Female,White,Divorced,Unmarried
11421,31,Female,White,Never-married,Own-child
11445,49,Male,White,Married-civ-spouse,Husband
11447,39,Male,White,Divorced,Not-in-family
11458,31,Female,White,Never-married,Not-in-family
11477,36,Female,White,Never-married,Unmarried
11481,30,Female,White,Married-AF-spouse,Own-child
11498,33,Male,White,Married-civ-spouse,Husband
11513,47,Male,White,Married-civ-spouse,Husband
11529,27,Male,White,Never-married,Own-child
11533,24,Male,White,Married-civ-spouse,Husband
11552,61,Male,White,Married-civ-spouse,Husband
11619,51,Male,White,Married-civ-spouse,Husband
11622,68,Female,Black,Widowed,Unmarried
11643,28,Male,White,Divorced,Not-in-family
11680,41,Male,White,Married-civ-spouse,Husband
11683,47,Male,Black,Married-civ-spouse,Husband
11706,38,Male,White,Married-civ-spouse,Husband
11714,29,Female,Black,Separated,Unmarried
11731,90,Male,White,Widowed,Not-in-family
11754,69,Male,White,Married-civ-spouse,Husband
1177,50,Male,White,Married-civ-spouse,Husband
11770,78,Female,White,Widowed,Not-in-family
11786,29,Male,Other,Never-married,Other-relative
11832,34,Female,White,Separated,Unmarried
11872,34,Female,White,Separated,Unmarried
11886,38,Male,Black,Married-civ-spouse,Husband
11910,28,Male,White,Married-civ-spouse,Husband
11913,37,Male,White,Married-civ-spouse,Husband
11954,24,Male,White,Never-married,Not-in-family
11976,30,Male,White,Married-civ-spouse,Husband
12011,51,Female,White,Divorced,Not-in-family
12028,33,Female,White,Separated,Unmarried
12039,39,Male,White,Married-civ-spouse,Husband
12061,28,Male,White,Married-civ-spouse,Husband
12090,65,Male,White,Married-civ-spouse,Husband
12099,38,Male,White,Married-civ-spouse,Husband
1212,31,Female,White,Divorced,Unmarried
12136,20,Male,White,Never-married,Own-child
12163,64,Male,White,Married-civ-spouse,Husband
1217,33,Female,Asian-Pac-Islander,Divorced,Not-in-family
12194,52,Male,White,Married-civ-spouse,Husband
12202,30,Male,White,Married-civ-spouse,Husband
12207,33,Male,White,Married-civ-spouse,Husband
12208,50,Male,White,Married-civ-spouse,Husband
12217,57,Female,White,Widowed,Not-in-family
12234,27,Female,White,Never-married,Not-in-family
12239,26,Male,White,Married-civ-spouse,Husband
12254,60,Male,White,Married-civ-spouse,Husband
1229,75,Male,White,Married-civ-spouse,Husband
12303,32,Male,White,Never-married,Not-in-family
12304,55,Male,Black,Married-civ-spouse,Husband
12305,30,Male,White,Married-civ-spouse,Husband
12309,22,Female,White,Never-married,Own-child
12311,36,Male,White,Married-civ-spouse,Husband
12326,59,Male,White,Married-civ-spouse,Husband
12329,22,Female,White,Never-married,Own-child
12338,47,Male,White,Divorced,Unmarried
12347,43,Male,White,Married-civ-spouse,Husband
12353,27,Male,White,Never-married,Not-in-family
12366,17,Female,White,Never-married,Own-child
12403,22,Female,White,Never-married,Own-child
12411,25,Male,White,Married-civ-spouse,Husband
1242,36,Female,White,Widowed,Not-in-family
12438,28,Female,Asian-Pac-Islander,Married-spouse-absent,Not-in-family
12448,29,Male,White,Married-civ-spouse,Husband
12450,41,Male,White,Married-civ-spouse,Husband
12453,20,Male,Other,Married-civ-spouse,Husband
12484,27,Male,White,Married-civ-spouse,Husband
1252,30,Male,White,Married-civ-spouse,Husband
12561,45,Female,White,Married-spouse-absent,Unmarried
1257,57,Male,White,Married-civ-spouse,Husband
12577,28,Male,White,Never-married,Not-in-family
12579,24,Male,White,Never-married,Own-child
12630,32,Male,White,Married-civ-spouse,Husband
12631,36,Male,White,Married-civ-spouse,Husband
12632,30,Male,White,Divorced,Not-in-family
12649,33,Male,White,Married-civ-spouse,Husband
1266,38,Male,White,Married-civ-spouse,Husband
12665,37,Male,White,Separated,Not-in-family
12676,23,Male,Asian-Pac-Islander,Never-married,Own-child
12689,41,Male,White,Married-civ-spouse,Husband
12696,56,Male,White,Married-civ-spouse,Husband
12752,42,Male,White,Married-civ-spouse,Husband
12759,43,Female,White,Never-married,Not-in-family
12771,38,Male,White,Divorced,Not-in-family
12796,41,Female,White,Divorced,Not-in-family
12804,51,Male,White,Married-civ-spouse,Husband
12831,37,Female,White,Never-married,Not-in-family
12838,17,Male,White,Never-married,Own-child
12853,37,Male,White,Married-civ-spouse,Husband
12860,51,Male,White,Married-civ-spouse,Husband
12905,37,Male,White,Divorced,Not-in-family
12970,48,Male,White,Married-civ-spouse,Husband
12982,49,Male,White,Married-civ-spouse,Husband
1299,22,Male,White,Married-civ-spouse,Husband
12991,76,Male,White,Married-civ-spouse,Husband
12993,28,Female,White,Married-civ-spouse,Other-relative
13011,36,Male,White,Never-married,Own-child
13013,51,Female,White,Never-married,Not-in-family
13015,57,Male,White,Married-civ-spouse,Husband
1304,30,Male,White,Married-civ-spouse,Husband
13117,36,Female,White,Never-married,Other-relative
13143,28,Male,Black,Never-married,Own-child
13164,39,Male,White,Married-civ-spouse,Husband
13167,34,Male,White,Never-married,Unmarried
13171,32,Female,White,Divorced,Unmarried
13190,32,Male,White,Married-civ-spouse,Husband
13191,43,Female,White,Never-married,Not-in-family
13215,22,Female,White,Never-married,Own-child
13234,68,Male,White,Married-civ-spouse,Husband
13256,55,Female,White,Widowed,Other-relative
13326,51,Female,White,Married-civ-spouse,Wife
13338,36,Male,White,Married-civ-spouse,Husband
13348,34,Male,White,Married-civ-spouse,Husband
13372,25,Female,White,Never-married,Own-child
13396,31,Male,White,Married-civ-spouse,Husband
13458,48,Male,White,Married-civ-spouse,Husband
13462,55,Male,White,Married-civ-spouse,Husband
13463,42,Male,White,Married-civ-spouse,Husband
13494,35,Female,Black,Never-married,Unmarried
13511,28,Male,White,Married-civ-spouse,Husband
13578,22,Female,White,Never-married,Own-child
13595,29,Male,White,Never-married,Own-child
13597,40,Male,White,Married-civ-spouse,Husband
13599,34,Male,White,Married-civ-spouse,Husband
13603,18,Male,White,Never-married,Own-child
13606,18,Female,White,Never-married,Own-child
13669,42,Male,White,Married-civ-spouse,Husband
13684,42,Male,White,Married-civ-spouse,Husband
13732,44,Female,White,Married-civ-spouse,Wife
13737,28,Male,White,Never-married,Not-in-family
13740,18,Male,White,Never-married,Own-child
13749,43,Female,Black,Divorced,Not-in-family
1375,41,Female,Black,Divorced,Unmarried
13804,51,Female,White,Divorced,Not-in-family
13850,45,Female,White,Divorced,Unmarried
13890,47,Male,Asian-Pac-Islander,Married-civ-spouse,Husband
13892,64,Male,White,Married-civ-spouse,Husband
13943,27,Male,White,Married-civ-spouse,Husband
1395,42,Male,White,Never-married,Unmarried
13954,41,Female,White,Married-civ-spouse,Wife
13977,52,Male,Black,Married-civ-spouse,Husband
14000,54,Male,White,Married-civ-spouse,Husband
1401,55,Male,White,Married-civ-spouse,Husband
14015,49,Male,White,Married-civ-spouse,Husband
14037,24,Male,White,Never-married,Not-in-family
14044,57,Male,White,Married-civ-spouse,Husband
14053,39,Female,Black,Never-married,Not-in-family
14058,28,Male,Other,Never-married,Not-in-family
14065,38,Female,White,Separated,Not-in-family
14076,51,Male,White,Married-civ-spouse,Husband
1408,37,Male,White,Divorced,Not-in-family
14091,25,Male,White,Never-married,Own-child
14129,48,Male,White,Married-civ-spouse,Husband
1413,53,Male,White,Married-civ-spouse,Husband
14173,40,Male,White,Married-civ-spouse,Husband
14180,52,Male,White,Never-married,Not-in-family
14185,28,Male,White,Never-married,Not-in-family
14228,57,Male,White,Married-civ-spouse,Husband
14242,34,Male,Asian-Pac-Islander,Separated,Not-in-family
14251,69,Male,White,Married-civ-spouse,Husband
14253,36,Male,White,Married-civ-spouse,Husband
14293,53,Female,White,Widowed,Not-in-family
14303,26,Female,White,Married-civ-spouse,Wife
14306,28,Female,White,Married-civ-spouse,Wife
1431,59,Female,White,Divorced,Not-in-family
14326,48,Male,Black,Married-civ-spouse,Husband
14330,67,Male,White,Married-civ-spouse,Husband
14369,27,Male,White,Never-married,Not-in-family
1437,36,Female,White,Married-civ-spouse,Wife
14442,27,Female,Amer-Indian-Eskimo,Married-civ-spouse,Wife
14474,32,Female,White,Married-civ-spouse,Wife
14507,23,Male,Asian-Pac-Islander,Never-married,Not-in-family
14520,18,Male,White,Never-married,Own-child
14522,39,Male,White,Never-married,Not-in-family
14525,32,Male,White,Never-married,Own-child
14530,48,Female,Black,Never-married,Unmarried
14556,31,Male,Other,Never-married,Not-in-family
14632,20,Female,White,Never-married,Own-child
14660,41,Male,White,Divorced,Unmarried
14665,40,Male,White,Married-civ-spouse,Husband
14668,30,Male,White,Married-civ-spouse,Husband
14691,29,Female,White,Married-civ-spouse,Wife
14701,51,Male,White,Married-civ-spouse,Husband
14723,28,Male,White,Never-married,Own-child
1474,22,Female,White,Never-married,Own-child
14746,25,Male,White,Never-married,Own-child
14773,44,Male,White,Married-civ-spouse,Husband
14791,58,Male,White,Married-civ-spouse,Husband
14792,31,Female,White,Never-married,Unmarried
14801,56,Male,White,Never-married,Own-child
14807,33,Male,White,Divorced,Not-in-family
14816,39,Female,Asian-Pac-Islander,Separated,Unmarried
1482,53,Male,White,Married-civ-spouse,Husband
14823,50,Female,White,Widowed,Not-in-family
14851,17,Female,White,Never-married,Own-child
14865,28,Male,White,Never-married,Own-child
14889,48,Male,White,Married-civ-spouse,Husband
14895,35,Male,White,Never-married,Not-in-family
14897,41,Male,White,Married-civ-spouse,Husband
14913,61,Female,White,Married-civ-spouse,Other-relative
15,34,Male,Amer-Indian-Eskimo,Married-civ-spouse,Husband
15012,70,Male,White,Married-civ-spouse,Husband
15029,28,Female,White,Never-married,Own-child
15046,34,Male,White,Never-married,Not-in-family
15065,20,Female,White,Never-married,Not-in-family
15088,53,Female,White,Divorced,Not-in-family
15117,49,Male,White,Divorced,Not-in-family
15147,30,Female,Black,Separated,Unmarried
15163,25,Male,White,Never-married,Own-child
1517,59,Female,White,Married-civ-spouse,Wife
15189,19,Male,Black,Never-married,Own-child
15198,32,Male,White,Divorced,Unmarried
15218,30,Male,White,Married-civ-spouse,Husband
15229,53,Male,White,Married-civ-spouse,Husband
15231,30,Male,White,Never-married,Other-relative
15249,41,Female,Black,Never-married,Unmarried
15268,24,Female,White,Married-civ-spouse,Wife
15276,31,Male,Amer-Indian-Eskimo,Never-married,Not-in-family
15315,60,Male,White,Married-civ-spouse,Husband
15330,57,Male,White,Married-civ-spouse,Husband
15331,62,Male,White,Widowed,Not-in-family
15366,31,Male,White,Married-civ-spouse,Husband
15391,22,Female,White,Never-married,Not-in-family
15399,20,Male,White,Never-married,Not-in-family
15406,32,Male,White,Never-married,Not-in-family
15422,42,Male,White,Separated,Not-in-family
15425,31,Male,White,Married-civ-spouse,Husband
15431,33,Male,Black,Married-civ-spouse,Husband
15438,23,Female,White,Never-married,Other-relative
1546,17,Male,White,Never-married,Own-child
15524,43,Female,White,Divorced,Unmarried
15527,18,Male,Amer-Indian-Eskimo,Never-married,Own-child
15541,48,Male,White,Divorced,Not-in-family
15542,17,Male,White,Never-married,Own-child
15545,53,Female,White,Widowed,Not-in-family
15607,21,Female,White,Never-married,Unmarried
15628,29,Male,White,Never-married,Not-in-family
15634,27,Male,White,Married-civ-spouse,Husband
15636,50,Male,White,Married-civ-spouse,Husband
15647,40,Male,White,Divorced,Unmarried
15663,33,Female,White,Never-married,Not-in-family
15667,66,Female,White,Widowed,Not-in-family
15700,36,Male,White,Married-civ-spouse,Husband
15745,53,Male,White,Divorced,Not-in-family
15753,38,Male,White,Married-civ-spouse,Husband
15823,21,Male,White,Never-married,Not-in-family
15861,20,Female,White,Never-married,Own-child
15875,59,Male,White,Married-civ-spouse,Husband
15946,33,Female,White,Never-married,Own-child
15948,54,Female,White,Never-married,Not-in-family
16030,24,Male,White,Never-married,Own-child
16041,23,Female,Black,Never-married,Own-child
16071,57,Male,White,Married-civ-spouse,Husband
16114,60,Male,White,Married-civ-spouse,Husband
16126,50,Male,White,Married-civ-spouse,Husband
16143,40,Male,White,Never-married,Not-in-family
1615,60,Male,White,Married-civ-spouse,Husband
16159,55,Male,White,Married-civ-spouse,Husband
16186,19,Male,Black,Never-married,Own-child
16211,23,Male,White,Never-married,Not-in-family
16221,21,Female,White,Never-married,Own-child
16227,54,Male,White,Married-civ-spouse,Husband
16240,37,Male,White,Never-married,Not-in-family
16257,19,Female,White,Never-married,Not-in-family
16293,18,Female,White,Never-married,Not-in-family
16361,24,Female,White,Never-married,Not-in-family
16388,35,Female,White,Divorced,Not-in-family
1639,54,Male,White,Married-civ-spouse,Husband
16397,47,Female,White,Divorced,Unmarried
16402,24,Male,White,Never-married,Not-in-family
16411,55,Male,White,Married-civ-spouse,Husband
16464,67,Female,White,Widowed,Not-in-family
16479,24,Female,Black,Married-spouse-absent,Own-child
16505,46,Male,Amer-Indian-Eskimo,Married-civ-spouse,Husband
16513,75,Male,White,Married-spouse-absent,Not-in-family
16551,28,Female,White,Divorced,Unmarried
16577,35,Male,White,Married-civ-spouse,Husband
1658,18,Male,White,Never-married,Own-child
16652,31,Female,White,Divorced,Not-in-family
16655,38,Male,Asian-Pac-Islander,Married-civ-spouse,Husband
16657,34,Male,White,Married-civ-spouse,Husband
16711,18,Female,White,Never-married,Not-in-family
16754,26,Female,White,Never-married,Not-in-family
16782,45,Male,White,Married-civ-spouse,Husband
16787,17,Male,White,Never-married,Own-child
16836,44,Male,White,Married-civ-spouse,Husband
16848,39,Female,White,Widowed,Unmarried
16864,42,Male,White,Never-married,Not-in-family
16877,49,Female,White,Divorced,Not-in-family
16903,40,Male,White,Married-civ-spouse,Husband
16934,42,Male,Amer-Indian-Eskimo,Divorced,Own-child
16939,23,Male,Black,Never-married,Own-child
16953,44,Male,White,Married-civ-spouse,Husband
16979,54,Male,White,Married-civ-spouse,Husband
16984,75,Female,White,Married-AF-spouse,Wife
17035,51,Female,Black,Separated,Not-in-family
17074,17,Male,White,Never-married,Not-in-family
17083,24,Female,White,Never-married,Own-child
17113,67,Female,White,Widowed,Not-in-family
17116,44,Male,White,Married-civ-spouse,Husband
17136,50,Male,Black,Married-civ-spouse,Husband
17185,22,Male,White,Married-civ-spouse,Husband
17224,46,Male,White,Married-civ-spouse,Husband
17241,37,Male,White,Married-civ-spouse,Husband
17249,32,Male,White,Never-married,Not-in-family
17279,32,Female,White,Married-civ-spouse,Wife
17296,31,Female,White,Never-married,Own-child
1730,24,Male,White,Never-married,Own-child
17341,43,Female,Asian-Pac-Islander,Never-married,Own-child
17343,38,Female,White,Divorced,Not-in-family
17357,38,Male,White,Married-civ-spouse,Husband
17362,30,Male,White,Married-civ-spouse,Husband
17392,59,Female,White,Widowed,Not-in-family
17397,45,Male,White,Married-civ-spouse,Husband
1740,30,Male,White,Married-civ-spouse,Husband
17412,33,Female,Asian-Pac-Islander,Married-civ-spouse,Wife
17431,21,Male,White,Married-civ-spouse,Husband
1744,43,Male,White,Married-civ-spouse,Husband
17448,23,Male,White,Never-married,Not-in-family
17449,23,Female,White,Never-married,Unmarried
17455,25,Male,White,Married-civ-spouse,Husband
17466,36,Female,White,Married-civ-spouse,Wife
17502,46,Male,White,Divorced,Not-in-family
17520,31,Female,White,Never-married,Own-child
17531,21,Male,White,Never-married,Own-child
17555,30,Male,White,Married-civ-spouse,Husband
17607,26,Female,White,Married-civ-spouse,Wife
17623,43,Male,White,Divorced,Not-in-family
17627,26,Male,White,Never-married,Not-in-family
17680,23,Male,White,Never-married,Own-child
17682,49,Male,White,Married-civ-spouse,Husband
1771,50,Male,White,Married-civ-spouse,Husband
17732,56,Female,White,Married-civ-spouse,Wife
17736,33,Male,White,Married-civ-spouse,Husband
17746,27,Male,White,Separated,Not-in-family
17785,42,Female,Black,Divorced,Unmarried
1779,43,Male,White,Married-civ-spouse,Husband
17828,54,Male,White,Married-civ-spouse,Husband
17843,57,Male,White,Married-civ-spouse,Husband
17845,37,Male,White,Married-civ-spouse,Husband
17851,31,Male,White,Married-civ-spouse,Husband
17932,71,Female,White,Widowed,Other-relative
17963,32,Male,Black,Never-married,Not-in-family
17984,53,Female,Asian-Pac-Islander,Married-civ-spouse,Wife
18001,36,Male,White,Never-married,Not-in-family
18017,26,Male,White,Never-married,Own-child
18032,53,Male,White,Married-civ-spouse,Husband
18059,22,Female,White,Never-married,Own-child
181,43,Female,White,Divorced,Not-in-family
18107,36,Male,White,Married-civ-spouse,Husband
18132,31,Male,White,Married-civ-spouse,Husband
18150,21,Male,White,Never-married,Not-in-family
18178,20,Female,White,Divorced,Not-in-family
182,30,Male,Black,Never-married,Not-in-family
18204,56,Male,White,Married-civ-spouse,Husband
18230,60,Male,White,Married-civ-spouse,Husband
18239,55,Male,White,Married-civ-spouse,Husband
18256,20,Male,White,Never-married,Own-child
18268,24,Male,White,Never-married,Own-child
18269,27,Female,White,Never-married,Not-in-family
18271,45,Male,White,Married-civ-spouse,Husband
18307,33,Male,White,Divorced,Unmarried
18344,26,Male,White,Married-civ-spouse,Husband
18345,23,Male,White,Never-married,Own-child
18372,18,Male,White,Never-married,Own-child
18397,32,Female,White,Divorced,Unmarried
18417,24,Female,White,Never-married,Not-in-family
18437,42,Male,White,Married-civ-spouse,Husband
18442,35,Male,Amer-Indian-Eskimo,Married-civ-spouse,Husband
18446,29,Female,White,Divorced,Unmarried
18448,54,Male,Black,Separated,Unmarried
18504,32,Female,Black,Never-married,Unmarried
18572,58,Male,White,Divorced,Not-in-family
18589,37,Female,White,Never-married,Not-in-family
18667,31,Female,Black,Never-married,Not-in-family
18683,37,Female,White,Never-married,Own-child
18698,19,Male,White,Never-married,Not-in-family
18712,34,Male,White,Never-married,Not-in-family
18723,26,Female,White,Never-married,Own-child
18735,69,Male,White,Married-civ-spouse,Husband
18739,53,Male,White,Married-civ-spouse,Husband
1876,44,Male,White,Separated,Not-in-family
18793,35,Male,White,Married-civ-spouse,Husband
18827,35,Male,White,Married-civ-spouse,Husband
1884,27,Male,White,Never-married,Unmarried
18856,37,Male,White,Divorced,Not-in-family
18877,18,Female,Black,Never-married,Own-child
18884,27,Male,White,Never-married,Not-in-family
18886,54,Male,White,Married-civ-spouse,Husband
18895,35,Female,White,Married-AF-spouse,Wife
18912,24,Female,White,Married-civ-spouse,Wife
18960,45,Male,White,Never-married,Not-in-family
18969,37,Female,White,Divorced,Unmarried
18979,44,Male,White,Divorced,Not-in-family
18980,53,Male,White,Never-married,Not-in-family
18994,55,Female,White,Divorced,Unmarried
19006,42,Male,White,Married-civ-spouse,Husband
19010,20,Male,White,Never-married,Not-in-family
19011,65,Male,White,Married-civ-spouse,Husband
19028,61,Male,White,Married-civ-spouse,Husband
19038,52,Male,Asian-Pac-Islander,Married-civ-spouse,Husband
19047,38,Female,Asian-Pac-Islander,Divorced,Not-in-family
19054,56,Female,White,Never-married,Not-in-family
1906,45,Female,White,Divorced,Unmarried
19085,76,Male,White,Married-civ-spouse,Husband
1914,41,Male,White,Divorced,Not-in-family
19161,23,Male,White,Never-married,Own-child
19207,46,Female,Black,Never-married,Own-child
19218,28,Male,White,Never-married,Not-in-family
19221,30,Male,Black,Never-married,Not-in-family
19237,29,Female,White,Never-married,Not-in-family
19248,23,Male,White,Never-married,Own-child
19257,40,Male,White,Married-civ-spouse,Husband
19268,18,Female,White,Never-married,Other-relative
19284,41,Female,White,Divorced,Unmarried
19296,70,Male,White,Married-civ-spouse,Husband
19320,28,Female,White,Never-married,Own-child
19326,38,Female,White,Married-civ-spouse,Wife
19358,39,Female,White,Divorced,Unmarried
19368,50,Male,White,Married-civ-spouse,Husband
19376,34,Female,White,Separated,Not-in-family
19377,28,Female,White,Never-married,Not-in-family
19384,44,Male,White,Never-married,Not-in-family
19407,23,Female,White,Never-married,Own-child
19428,41,Female,White,Never-married,Unmarried
19430,19,Male,White,Never-married,Not-in-family
19444,30,Male,White,Married-civ-spouse,Husband
19455,23,Male,Black,Never-married,Own-child
19457,53,Female,Black,Widowed,Unmarried
19463,55,Male,White,Married-civ-spouse,Husband
1948,29,Male,White,Married-civ-spouse,Husband
19504,29,Male,White,Married-civ-spouse,Husband
19558,43,Male,White,Never-married,Not-in-family
19583,27,Male,White,Never-married,Not-in-family
19594,44,Male,White,Divorced,Own-child
19611,39,Female,Asian-Pac-Islander,Married-civ-spouse,Wife
19618,40,Female,White,Never-married,Not-in-family
1964,28,Male,White,Never-married,Unmarried
19646,27,Male,White,Never-married,Not-in-family
19663,51,Male,White,Married-civ-spouse,Husband
19696,30,Female,White,Divorced,Not-in-family
19704,38,Female,White,Separated,Unmarried
19738,27,Male,White,Married-civ-spouse,Husband
19781,51,Female,Black,Never-married,Not-in-family
19799,31,Male,White,Never-married,Own-child
19813,35,Male,White,Married-civ-spouse,Husband
19818,20,Male,White,Never-married,Own-child
19822,29,Male,White,Married-civ-spouse,Husband
19828,79,Female,White,Widowed,Not-in-family
19846,23,Male,White,Never-married,Own-child
19868,57,Female,White,Divorced,Not-in-family
19888,21,Female,Black,Separated,Unmarried
19912,62,Female,White,Widowed,Unmarried
19922,33,Male,White,Married-civ-spouse,Husband
19924,40,Male,White,Married-civ-spouse,Husband
19926,27,Male,Asian-Pac-Islander,Never-married,Not-in-family
19927,55,Male,White,Divorced,Unmarried
19937,61,Male,White,Married-civ-spouse,Husband
19975,37,Male,White,Married-civ-spouse,Husband
19987,45,Male,White,Married-civ-spouse,Husband
19994,33,Female,White,Never-married,Not-in-family
20001,36,Male,White,Married-civ-spouse,Husband
20003,72,Female,White,Widowed,Not-in-family
20017,64,Female,White,Married-civ-spouse,Wife
20088,48,Male,White,Married-civ-spouse,Husband
20109,44,Male,White,Never-married,Not-in-family
20148,42,Male,White,Married-civ-spouse,Husband
20170,64,Male,White,Married-civ-spouse,Husband
20173,54,Male,White,Divorced,Not-in-family
20189,22,Male,White,Never-married,Own-child
20191,33,Female,White,Married-civ-spouse,Wife
20283,49,Male,White,Married-civ-spouse,Husband
20316,47,Female,White,Divorced,Not-in-family
20320,45,Male,Black,Married-spouse-absent,Other-relative
20382,58,Female,White,Married-civ-spouse,Wife
20424,68,Female,White,Never-married,Not-in-family
20427,54,Male,Black,Married-civ-spouse,Husband
20456,36,Male,White,Married-civ-spouse,Husband
20458,64,Male,White,Married-civ-spouse,Husband
20463,85,Female,White,Widowed,Not-in-family
20465,39,Male,Asian-Pac-Islander,Married-civ-spouse,Husband
20546,43,Male,White,Married-civ-spouse,Husband
20551,21,Female,Other,Never-married,Unmarried
20555,36,Female,White,Married-civ-spouse,Wife
20563,62,Male,White,Married-civ-spouse,Husband
20568,73,Male,White,Married-civ-spouse,Husband
20646,19,Male,White,Never-married,Own-child
20651,56,Male,White,Married-civ-spouse,Husband
20674,35,Male,White,Married-civ-spouse,Husband
20681,55,Male,White,Married-civ-spouse,Husband
20698,33,Female,Asian-Pac-Islander,Never-married,Not-in-family
20721,22,Male,White,Never-married,Unmarried
20732,41,Male,White,Divorced,Not-in-family
20762,31,Male,White,Never-married,Not-in-family
20763,25,Male,White,Divorced,Not-in-family
20794,32,Male,White,Married-civ-spouse,Husband
2081,34,Male,White,Married-civ-spouse,Husband
20827,47,Female,Black,Never-married,Unmarried
20832,53,Female,White,Never-married,Unmarried
20849,76,Female,White,Widowed,Not-in-family
20851,24,Male,Black,Never-married,Own-child
20854,50,Male,White,Married-civ-spouse,Husband
20872,46,Female,White,Never-married,Not-in-family
20888,37,Male,White,Married-civ-spouse,Husband
20912,42,Male,White,Married-civ-spouse,Husband
20924,30,Male,White,Widowed,Not-in-family
20931,58,Male,White,Married-civ-spouse,Husband
20932,30,Male,White,Married-civ-spouse,Husband
21021,28,Female,White,Separated,Not-in-family
21042,27,Female,White,Never-married,Not-in-family
2106,42,Male,White,Married-civ-spouse,Husband
21070,20,Male,White,Never-married,Own-child
21100,24,Female,White,Never-married,Own-child
21119,53,Male,White,Divorced,Unmarried
21136,61,Female,White,Divorced,Not-in-family
21138,28,Male,White,Married-civ-spouse,Husband
21153,46,Female,White,Divorced,Unmarried
21164,43,Male,White,Married-civ-spouse,Husband
2117,45,Female,White,Divorced,Not-in-family
21202,22,Female,White,Never-married,Not-in-family
21339,30,Male,White,Never-married,Other-relative
21354,46,Male,White,Married-civ-spouse,Husband
21368,41,Male,White,Married-civ-spouse,Husband
21391,37,Male,White,Never-married,Not-in-family
214,54,Male,White,Married-civ-spouse,Husband
21427,54,Male,White,Married-civ-spouse,Husband
21443,31,Male,White,Divorced,Unmarried
2147,58,Male,White,Married-civ-spouse,Husband
21474,49,Male,White,Widowed,Not-in-family
21505,46,Male,White,Married-civ-spouse,Husband
21537,51,Male,White,Married-civ-spouse,Husband
21575,39,Male,White,Married-civ-spouse,Husband
21589,44,Male,White,Married-civ-spouse,Husband
21608,29,Male,White,Never-married,Not-in-family
21635,27,Male,White,Never-married,Own-child
21638,45,Male,White,Married-civ-spouse,Husband
21686,65,Female,White,Widowed,Other-relative
21703,34,Female,White,Divorced,Not-in-family
21747,33,Male,Other,Never-married,Not-in-family
21765,22,Male,White,Never-married,Own-child
21784,32,Male,White,Never-married,Own-child
21786,18,Male,White,Never-married,Own-child
21787,20,Male,White,Never-married,Not-in-family
218,45,Male,White,Married-civ-spouse,Husband
21867,25,Female,White,Married-civ-spouse,Wife
21870,49,Female,White,Divorced,Not-in-family
21875,49,Male,White,Married-civ-spouse,Husband
21891,40,Male,White,Married-civ-spouse,Husband
2190,50,Male,White,Married-civ-spouse,Husband
21988,70,Female,White,Divorced,Not-in-family
22,35,Male,Black,Married-civ-spouse,Husband
22013,69,Male,White,Married-civ-spouse,Husband
22046,58,Male,White,Married-civ-spouse,Husband
22050,43,Male,White,Married-civ-spouse,Husband
22062,62,Male,White,Married-civ-spouse,Husband
22088,31,Male,White,Married-civ-spouse,Own-child
22100,38,Male,White,Never-married,Not-in-family
22101,21,Female,White,Married-civ-spouse,Wife
22104,30,Male,White,Never-married,Own-child
22111,55,Male,White,Divorced,Not-in-family
22115,43,Female,White,Divorced,Unmarried
22116,42,Female,White,Never-married,Not-in-family
2212,42,Male,White,Married-civ-spouse,Husband
22155,29,Female,White,Divorced,Unmarried
22214,42,Male,White,Married-civ-spouse,Husband
2222,20,Female,White,Never-married,Own-child
22256,21,Female,White,Never-married,Not-in-family
22278,27,Female,White,Divorced,Unmarried
22290,33,Female,White,Divorced,Not-in-family
22293,45,Male,White,Married-civ-spouse,Husband
22302,42,Male,Black,Never-married,Other-relative
22467,48,Female,White,Married-spouse-absent,Not-in-family
22486,65,Male,White,Married-civ-spouse,Husband
22547,47,Male,White,Married-civ-spouse,Husband
2256,42,Male,White,Married-civ-spouse,Husband
22580,55,Male,White,Married-civ-spouse,Husband
22626,39,Male,White,Never-married,Not-in-family
22647,36,Male,White,Divorced,Not-in-family
22662,53,Male,White,Married-civ-spouse,Husband
22669,36,Male,Asian-Pac-Islander,Married-civ-spouse,Husband
22678,31,Male,White,Never-married,Own-child
22680,35,Male,White,Married-civ-spouse,Husband
22686,33,Male,White,Never-married,Not-in-family
2270,38,Male,White,Divorced,Unmarried
22709,21,Male,White,Never-married,Own-child
22719,26,Male,White,Never-married,Not-in-family
22725,23,Female,White,Never-married,Own-child
22727,26,Female,White,Never-married,Not-in-family
22740,25,Male,Black,Never-married,Own-child
22789,35,Male,White,Never-married,Own-child
22798,30,Female,White,Widowed,Not-in-family
22810,25,Male,White,Never-married,Own-child
22821,29,Male,White,Married-civ-spouse,Husband
22833,32,Male,White,Married-civ-spouse,Husband
22840,56,Male,White,Married-civ-spouse,Husband
22858,37,Female,White,Never-married,Not-in-family
22861,36,Male,White,Married-civ-spouse,Husband
22885,20,Female,White,Never-married,Own-child
22894,45,Female,White,Divorced,Unmarried
22900,46,Male,Asian-Pac-Islander,Married-civ-spouse,Husband
22917,21,Female,White,Never-married,Own-child
22941,44,Male,White,Married-civ-spouse,Husband
22948,46,Male,White,Married-civ-spouse,Husband
22963,27,Female,White,Never-married,Not-in-family
22988,24,Female,White,Never-married,Not-in-family
23041,34,Male,White,Married-civ-spouse,Husband
23045,34,Male,White,Married-civ-spouse,Husband
23050,49,Female,White,Never-married,Own-child
23058,43,Male,White,Married-civ-spouse,Husband
23059,39,Female,Black,Separated,Unmarried
23093,23,Male,White,Married-civ-spouse,Husband
23103,48,Female,White,Divorced,Not-in-family
23110,35,Male,Other,Married-civ-spouse,Husband
23125,31,Male,White,Married-civ-spouse,Husband
23136,21,Female,White,Never-married,Own-child
23166,21,Female,White,Never-married,Not-in-family
23187,25,Male,White,Never-married,Not-in-family
23193,23,Male,White,Never-married,Own-child
23205,29,Male,White,Married-civ-spouse,Husband
23213,20,Male,White,Never-married,Own-child
23216,61,Female,White,Widowed,Unmarried
23221,21,Male,White,Never-married,Own-child
23257,60,Male,White,Married-civ-spouse,Husband
23262,45,Male,White,Married-civ-spouse,Husband
23284,20,Female,White,Never-married,Own-child
23292,19,Male,White,Never-married,Own-child
23303,58,Male,White,Married-civ-spouse,Husband
23326,21,Female,White,Never-married,Own-child
23327,56,Male,White,Married-civ-spouse,Husband
23329,44,Male,Black,Never-married,Not-in-family
23370,31,Male,White,Married-civ-spouse,Husband
23375,45,Male,Black,Divorced,Own-child
23381,57,Male,Black,Married-civ-spouse,Husband
23385,39,Male,Black,Never-married,Own-child
23442,41,Male,White,Married-civ-spouse,Husband
23443,42,Female,White,Married-spouse-absent,Not-in-family
23450,45,Female,White,Divorced,Unmarried
23453,38,Female,Black,Never-married,Own-child
23457,28,Female,White,Never-married,Not-in-family
23496,45,Male,White,Divorced,Own-child
23522,26,Male,White,Never-married,Unmarried
2356,22,Male,White,Separated,Own-child
23561,35,Female,White,Separated,Unmarried
23564,33,Male,Asian-Pac-Islander,Never-married,Unmarried
23605,20,Female,White,Never-married,Own-child
2362,36,Male,White,Married-civ-spouse,Husband
23631,53,Male,White,Separated,Own-child
23681,56,Male,White,Married-civ-spouse,Husband
23698,23,Male,White,Never-married,Not-in-family
23701,32,Male,Black,Married-civ-spouse,Husband
23715,25,Male,White,Never-married,Not-in-family
23719,44,Male,White,Married-civ-spouse,Husband
2372,74,Male,White,Married-civ-spouse,Husband
23752,36,Male,White,Married-civ-spouse,Husband
23779,30,Male,White,Married-civ-spouse,Husband
23806,42,Male,White,Married-civ-spouse,Husband
23811,19,Female,Black,Never-married,Own-child
23849,37,Male,White,Married-civ-spouse,Husband
2385,56,Male,White,Married-civ-spouse,Husband
23867,32,Male,White,Married-civ-spouse,Husband
23915,24,Female,Asian-Pac-Islander,Never-married,Not-in-family
2392,35,Male,White,Married-civ-spouse,Husband
23934,38,Male,White,Divorced,Not-in-family
23955,31,Male,White,Married-civ-spouse,Husband
23973,37,Male,White,Married-civ-spouse,Husband
23991,62,Male,White,Divorced,Not-in-family
23993,28,Female,Black,Never-married,Not-in-family
23996,42,Female,White,Separated,Unmarried
24041,59,Male,White,Divorced,Unmarried
2407,42,Female,White,Married-civ-spouse,Wife
24084,60,Male,White,Married-civ-spouse,Husband
24117,28,Male,White,Never-married,Not-in-family
24152,21,Male,White,Married-civ-spouse,Husband
24160,41,Male,White,Married-civ-spouse,Husband
24163,47,Male,White,Never-married,Not-in-family
24178,36,Male,Asian-Pac-Islander,Married-civ-spouse,Husband
2418,35,Male,White,Never-married,Not-in-family
24183,49,Female,White,Divorced,Own-child
24193,32,Male,White,Married-civ-spouse,Husband
24206,43,Female,White,Married-civ-spouse,Wife
24230,51,Male,White,Married-civ-spouse,Husband
24250,37,Male,White,Married-civ-spouse,Husband
24257,53,Male,White,Married-civ-spouse,Husband
24264,58,Female,White,Divorced,Not-in-family
24269,28,Male,White,Never-married,Unmarried
24299,39,Female,White,Married-civ-spouse,Wife
24307,42,Female,Black,Never-married,Other-relative
24320,49,Male,White,Married-civ-spouse,Husband
24343,55,Male,White,Married-civ-spouse,Husband
24344,42,Female,White,Divorced,Unmarried
2437,39,Male,Black,Never-married,Not-in-family
24383,35,Male,Black,Divorced,Not-in-family
24392,32,Male,White,Never-married,Not-in-family
24410,38,Female,Black,Never-married,Unmarried
24440,52,Male,White,Divorced,Unmarried
24453,40,Male,White,Married-civ-spouse,Husband
24538,32,Male,Black,Never-married,Not-in-family
2457,39,Male,White,Married-civ-spouse,Husband
24617,36,Male,White,Married-civ-spouse,Husband
24638,49,Male,White,Married-civ-spouse,Husband
24645,28,Male,White,Never-married,Own-child
2468,42,Male,White,Divorced,Not-in-family
24710,31,Female,Black,Never-married,Unmarried
24729,37,Male,White,Married-civ-spouse,Husband
24739,17,Male,White,Never-married,Own-child
24786,46,Male,White,Divorced,Not-in-family
2480,41,Male,White,Married-civ-spouse,Husband
24838,31,Male,White,Divorced,Not-in-family
24899,51,Female,White,Never-married,Unmarried
24907,28,Female,White,Married-civ-spouse,Wife
24910,55,Female,Black,Married-spouse-absent,Unmarried
24935,22,Male,White,Never-married,Own-child
24951,19,Male,White,Never-married,Other-relative
24952,24,Male,White,Separated,Own-child
24994,52,Male,White,Married-civ-spouse,Husband
24997,33,Female,White,Divorced,Own-child
25005,19,Male,White,Never-married,Own-child
25012,53,Male,White,Married-civ-spouse,Husband
2502,60,Female,White,Divorced,Not-in-family
25027,42,Male,White,Married-civ-spouse,Husband
25042,38,Male,White,Never-married,Not-in-family
25044,18,Male,White,Never-married,Own-child
25051,44,Male,White,Never-married,Not-in-family
25075,33,Female,White,Separated,Unmarried
25080,35,Male,White,Divorced,Not-in-family
25084,29,Male,White,Married-civ-spouse,Husband
25093,27,Male,White,Married-civ-spouse,Husband
25102,51,Male,White,Married-civ-spouse,Husband
25139,50,Male,White,Married-civ-spouse,Husband
25159,30,Male,White,Separated,Not-in-family
25161,75,Male,White,Married-civ-spouse,Husband
25163,79,Male,White,Married-civ-spouse,Husband
25169,19,Male,White,Never-married,Own-child
25172,47,Male,White,Married-civ-spouse,Husband
25210,29,Male,Black,Never-married,Not-in-family
2523,52,Female,White,Separated,Unmarried
2538,47,Male,White,Married-civ-spouse,Husband
25383,36,Female,Black,Never-married,Not-in-family
25394,36,Male,Black,Never-married,Not-in-family
25397,80,Male,White,Married-civ-spouse,Husband
25416,53,Male,White,Widowed,Unmarried
2543,54,Male,White,Widowed,Unmarried
25432,48,Male,White,Married-civ-spouse,Husband
25460,34,Male,Amer-Indian-Eskimo,Divorced,Not-in-family
25474,23,Male,White,Never-married,Own-child
25486,22,Male,White,Never-married,Not-in-family
25489,29,Female,Black,Never-married,Unmarried
25508,34,Male,White,Married-civ-spouse,Husband
25540,39,Female,White,Married-civ-spouse,Wife
25617,41,Female,White,Divorced,Unmarried
25654,33,Female,White,Divorced,Not-in-family
25666,37,Male,White,Married-civ-spouse,Husband
25670,29,Male,White,Married-civ-spouse,Husband
25675,27,Male,White,Never-married,Not-in-family
257,32,Female,White,Separated,Not-in-family
25700,27,Female,White,Never-married,Own-child
25737,35,Female,White,Divorced,Unmarried
2575,19,Female,Black,Never-married,Unmarried
25750,53,Male,Black,Divorced,Not-in-family
25783,19,Female,White,Never-married,Own-child
25839,53,Male,White,Divorced,Not-in-family
25878,45,Male,White,Divorced,Not-in-family
25896,42,Male,White,Divorced,Not-in-family
25945,39,Female,White,Never-married,Not-in-family
25954,30,Male,White,Married-civ-spouse,Husband
25976,63,Male,White,Married-civ-spouse,Husband
25990,31,Female,Asian-Pac-Islander,Never-married,Other-relative
2600,32,Male,White,Never-married,Not-in-family
26038,65,Male,White,Married-civ-spouse,Husband
2604,18,Male,White,Never-married,Own-child
26062,23,Female,White,Never-married,Own-child
26096,39,Male,White,Never-married,Not-in-family
26109,41,Male,White,Separated,Not-in-family
26112,20,Male,White,Never-married,Own-child
2612,31,Male,White,Married-civ-spouse,Husband
26137,20,Female,White,Never-married,Own-child
26138,51,Female,White,Widowed,Not-in-family
2614,41,Male,White,Married-civ-spouse,Husband
26155,64,Male,White,Widowed,Not-in-family
26158,22,Male,White,Never-married,Own-child
26184,18,Male,White,Never-married,Own-child
26218,38,Male,White,Married-civ-spouse,Husband
26239,27,Male,White,Never-married,Own-child
26267,37,Female,White,Separated,Unmarried
2627,34,Male,White,Divorced,Not-in-family
26272,19,Male,White,Never-married,Other-relative
26282,18,Female,White,Never-married,Own-child
26284,37,Female,White,Married-civ-spouse,Wife
26374,27,Male,White,Never-married,Other-relative
26383,51,Female,White,Divorced,Not-in-family
26387,43,Male,White,Married-civ-spouse,Husband
26413,23,Male,White,Never-married,Other-relative
26473,34,Male,White,Married-civ-spouse,Husband
26514,27,Male,White,Married-civ-spouse,Husband
26519,31,Male,White,Married-civ-spouse,Husband
26520,33,Male,White,Married-civ-spouse,Husband
26551,51,Female,White,Married-civ-spouse,Wife
26579,49,Female,Black,Divorced,Not-in-family
26582,20,Male,White,Never-married,Own-child
26599,19,Female,White,Never-married,Own-child
26623,26,Male,White,Married-civ-spouse,Husband
26632,32,Female,White,Never-married,Not-in-family
26634,53,Female,White,Divorced,Not-in-family
26642,36,Male,White,Married-civ-spouse,Husband
26646,48,Male,White,Married-civ-spouse,Husband
26652,31,Male,White,Married-civ-spouse,Husband
26654,55,Male,White,Married-civ-spouse,Husband
26676,29,Female,White,Married-spouse-absent,Unmarried
26677,60,Male,White,Married-spouse-absent,Not-in-family
26680,32,Female,White,Divorced,Unmarried
26707,53,Male,White,Married-civ-spouse,Husband
26729,51,Male,White,Married-civ-spouse,Husband
26807,17,Male,White,Never-married,Own-child
26809,36,Female,White,Separated,Unmarried
26828,39,Male,White,Never-married,Own-child
26830,53,Male,White,Married-civ-spouse,Husband
26832,51,Female,White,Married-civ-spouse,Wife
26837,37,Male,White,Never-married,Own-child
26853,46,Male,White,Divorced,Not-in-family
26862,48,Male,Asian-Pac-Islander,Married-civ-spouse,Husband
26905,30,Male,White,Married-civ-spouse,Husband
2693,24,Male,White,Never-married,Not-in-family
26935,48,Female,White,Divorced,Not-in-family
26941,45,Male,White,Married-civ-spouse,Husband
26976,19,Female,White,Never-married,Own-child
26983,36,Male,White,Married-civ-spouse,Husband
270,61,Male,White,Married-civ-spouse,Husband
27024,61,Female,White,Divorced,Unmarried
27033,36,Female,Asian-Pac-Islander,Never-married,Not-in-family
27034,37,Male,White,Never-married,Not-in-family
27037,37,Male,White,Married-civ-spouse,Husband
27061,45,Male,White,Divorced,Not-in-family
27097,31,Female,Black,Separated,Unmarried
27133,55,Female,White,Separated,Unmarried
27135,61,Female,Asian-Pac-Islander,Divorced,Not-in-family
27174,33,Male,White,Married-civ-spouse,Husband
27181,35,Male,White,Married-civ-spouse,Husband
27195,58,Male,White,Married-civ-spouse,Husband
27210,37,Male,White,Married-civ-spouse,Husband
27221,48,Male,White,Married-civ-spouse,Husband
27230,59,Male,White,Married-civ-spouse,Husband
27247,59,Male,White,Married-civ-spouse,Husband
27261,27,Female,White,Married-civ-spouse,Wife
27269,26,Male,White,Never-married,Own-child
27277,33,Male,Other,Married-civ-spouse,Husband
27281,39,Male,White,Married-civ-spouse,Husband
2733,49,Female,White,Divorced,Unmarried
27362,35,Male,White,Married-civ-spouse,Husband
2737,58,Female,White,Divorced,Other-relative
27397,32,Female,White,Divorced,Unmarried
27406,31,Male,White,Married-civ-spouse,Husband
27435,57,Male,White,Married-civ-spouse,Husband
27483,36,Male,White,Never-married,Not-in-family
27486,22,Female,White,Never-married,Own-child
27491,21,Female,White,Never-married,Not-in-family
27532,28,Female,Black,Married-civ-spouse,Wife
27534,35,Male,White,Married-civ-spouse,Husband
27555,19,Male,Black,Never-married,Not-in-family
27600,39,Male,White,Married-civ-spouse,Husband
27602,75,Male,Asian-Pac-Islander,Widowed,Other-relative
27622,44,Male,White,Married-civ-spouse,Husband
27635,44,Male,White,Married-civ-spouse,Husband
27642,73,Male,Asian-Pac-Islander,Married-civ-spouse,Husband
27644,56,Male,Black,Married-civ-spouse,Husband
27662,51,Male,White,Divorced,Not-in-family
27670,61,Male,Asian-Pac-Islander,Married-civ-spouse,Husband
27736,44,Female,White,Married-civ-spouse,Wife
27745,36,Male,White,Married-civ-spouse,Husband
27777,21,Female,White,Never-married,Not-in-family
27784,28,Female,White,Married-civ-spouse,Other-relative
27898,39,Female,White,Divorced,Not-in-family
27909,27,Male,White,Married-civ-spouse,Husband
27918,59,Male,White,Married-civ-spouse,Husband
27926,55,Male,White,Married-civ-spouse,Husband
27978,55,Male,White,Married-civ-spouse,Husband
27994,42,Male,White,Married-civ-spouse,Husband
28024,31,Female,White,Never-married,Not-in-family
28060,25,Male,Other,Married-civ-spouse,Husband
28079,39,Female,Black,Never-married,Unmarried
28116,44,Male,White,Married-civ-spouse,Husband
28119,31,Female,White,Divorced,Not-in-family
28158,23,Female,White,Never-married,Own-child
28179,21,Male,White,Married-civ-spouse,Husband
28208,64,Male,White,Married-civ-spouse,Husband
28216,47,Male,White,Married-civ-spouse,Husband
28273,28,Female,White,Never-married,Unmarried
28277,20,Male,White,Never-married,Own-child
28292,54,Male,White,Married-civ-spouse,Husband
28295,44,Female,Asian-Pac-Islander,Never-married,Not-in-family
28305,38,Male,White,Divorced,Not-in-family
28306,41,Male,Black,Married-civ-spouse,Husband
2831,39,Male,White,Married-civ-spouse,Husband
28338,47,Female,White,Divorced,Unmarried
28372,57,Male,White,Never-married,Not-in-family
28386,33,Female,White,Never-married,Not-in-family
28409,28,Female,Black,Separated,Unmarried
28431,43,Female,Black,Divorced,Unmarried
2844,37,Male,White,Married-civ-spouse,Husband
28487,45,Male,White,Married-civ-spouse,Husband
28505,39,Male,White,Married-civ-spouse,Husband
28508,35,Male,White,Divorced,Not-in-family
28529,19,Male,White,Never-married,Not-in-family
28545,36,Male,White,Married-civ-spouse,Husband
28555,59,Female,White,Divorced,Not-in-family
28556,34,Male,White,Married-civ-spouse,Husband
28564,65,Male,Asian-Pac-Islander,Married-civ-spouse,Husband
28571,45,Male,White,Married-civ-spouse,Husband
28583,52,Male,White,Married-civ-spouse,Husband
28587,44,Male,White,Divorced,Own-child
28595,35,Male,White,Married-civ-spouse,Husband
28612,37,Female,Black,Divorced,Not-in-family
28667,18,Male,White,Never-married,Own-child
28669,57,Male,White,Married-civ-spouse,Husband
28690,36,Female,White,Married-civ-spouse,Wife
28727,30,Male,White,Married-civ-spouse,Husband
28734,41,Male,White,Separated,Not-in-family
28787,18,Male,White,Never-married,Own-child
28791,64,Female,White,Widowed,Not-in-family
2880,31,Male,White,Never-married,Other-relative
28802,20,Female,White,Never-married,Not-in-family
28838,55,Male,White,Married-civ-spouse,Husband
28856,32,Female,White,Never-married,Own-child
28866,43,Male,White,Married-civ-spouse,Husband
28877,43,Male,White,Married-civ-spouse,Husband
28905,32,Female,White,Divorced,Unmarried
28912,57,Male,White,Married-civ-spouse,Husband
28926,31,Male,White,Married-civ-spouse,Husband
28943,23,Female,White,Never-married,Not-in-family
28957,21,Female,White,Never-married,Own-child
28964,29,Female,White,Divorced,Unmarried
28966,39,Male,White,Divorced,Not-in-family
2898,29,Male,Asian-Pac-Islander,Never-married,Own-child
29007,75,Male,White,Never-married,Not-in-family
29008,41,Female,Black,Divorced,Unmarried
29113,44,Male,White,Married-civ-spouse,Husband
29141,53,Male,Black,Married-civ-spouse,Husband
29216,28,Male,White,Never-married,Own-child
29228,50,Male,White,Married-civ-spouse,Husband
29267,42,Male,White,Married-civ-spouse,Husband
29278,64,Male,White,Separated,Not-in-family
29358,35,Female,White,Divorced,Not-in-family
29399,21,Male,White,Never-married,Other-relative
29409,39,Male,White,Married-civ-spouse,Husband
2942,24,Male,White,Married-civ-spouse,Husband
29449,22,Female,White,Never-married,Own-child
29462,42,Male,White,Married-civ-spouse,Husband
29467,30,Male,White,Married-civ-spouse,Husband
29471,37,Male,White,Married-civ-spouse,Husband
29510,46,Male,White,Married-civ-spouse,Husband
29511,29,Male,White,Never-married,Own-child
29523,50,Male,Black,Married-civ-spouse,Husband
29527,29,Female,White,Separated,Unmarried
29548,50,Male,White,Married-civ-spouse,Husband
2960,23,Male,White,Never-married,Not-in-family
29614,25,Female,White,Never-married,Not-in-family
29633,30,Male,Asian-Pac-Islander,Never-married,Other-relative
29641,46,Female,White,Never-married,Unmarried
29655,48,Male,White,Married-civ-spouse,Husband
29667,58,Male,White,Married-civ-spouse,Husband
29668,58,Male,White,Married-civ-spouse,Husband
297,39,Female,Asian-Pac-Islander,Married-civ-spouse,Wife
29731,21,Female,White,Never-married,Own-child
2977,61,Male,White,Married-civ-spouse,Husband
29776,54,Male,White,Married-civ-spouse,Husband
29778,50,Male,White,Married-civ-spouse,Husband
29818,24,Female,White,Divorced,Unmarried
29836,60,Female,White,Separated,Unmarried
29866,22,Female,White,Never-married,Own-child
29872,54,Male,White,Married-civ-spouse,Husband
29893,20,Male,White,Never-married,Own-child
299,38,Male,White,Divorced,Not-in-family
29939,66,Male,White,Married-civ-spouse,Husband
29945,37,Male,White,Married-civ-spouse,Husband
29957,35,Male,White,Married-civ-spouse,Husband
29997,61,Male,White,Married-civ-spouse,Husband
3,53,Male,Black,Married-civ-spouse,Husband
30037,30,Male,White,Married-civ-spouse,Husband
30038,28,Male,White,Never-married,Own-child
30050,19,Male,Black,Never-married,Own-child
30061,33,Female,White,Never-married,Not-in-family
30065,36,Male,White,Married-civ-spouse,Husband
30104,55,Male,White,Married-civ-spouse,Husband
30132,25,Female,White,Never-married,Own-child
30136,18,Male,White,Never-married,Own-child
3014,28,Male,White,Married-civ-spouse,Husband
30172,31,Male,White,Married-civ-spouse,Husband
30202,24,Male,White,Never-married,Not-in-family
30203,45,Male,White,Married-civ-spouse,Husband
30208,17,Male,White,Never-married,Own-child
30227,52,Female,White,Divorced,Other-relative
30231,64,Male,White,Married-civ-spouse,Husband
30290,47,Male,White,Married-civ-spouse,Husband
30296,22,Male,White,Never-married,Not-in-family
30355,21,Female,White,Never-married,Own-child
30411,29,Male,White,Married-civ-spouse,Husband
30429,38,Male,White,Married-civ-spouse,Husband
30463,38,Male,White,Married-civ-spouse,Husband
30494,27,Female,White,Never-married,Own-child
30497,39,Female,White,Married-spouse-absent,Not-in-family
30547,18,Female,White,Never-married,Own-child
30564,40,Male,White,Married-civ-spouse,Husband
30580,39,Male,White,Married-civ-spouse,Husband
30591,21,Female,Amer-Indian-Eskimo,Divorced,Unmarried
30607,35,Male,White,Married-civ-spouse,Husband
30611,32,Female,Black,Never-married,Unmarried
3064,41,Male,Asian-Pac-Islander,Married-spouse-absent,Not-in-family
30656,24,Female,White,Never-married,Own-child
30671,57,Male,White,Divorced,Not-in-family
30693,70,Male,White,Married-civ-spouse,Husband
30701,53,Male,White,Married-civ-spouse,Husband
30707,27,Female,White,Married-civ-spouse,Own-child
30720,52,Male,White,Widowed,Not-in-family
30738,28,Male,White,Married-civ-spouse,Husband
30770,24,Female,Black,Never-married,Own-child
30782,28,Female,Amer-Indian-Eskimo,Married-civ-spouse,Wife
30795,34,Male,White,Married-civ-spouse,Husband
30813,28,Female,White,Never-married,Not-in-family
30819,18,Male,White,Never-married,Own-child
30831,36,Female,White,Married-civ-spouse,Wife
30850,37,Male,White,Never-married,Not-in-family
30878,39,Female,White,Never-married,Not-in-family
30958,18,Female,White,Never-married,Own-child
30976,48,Female,White,Divorced,Unmarried
30991,34,Male,White,Married-civ-spouse,Husband
310,26,Male,White,Never-married,Not-in-family
31009,31,Male,White,Divorced,Not-in-family
31029,31,Male,White,Never-married,Not-in-family
31036,22,Female,White,Never-married,Not-in-family
31052,20,Male,White,Never-married,Own-child
31053,44,Female,White,Separated,Unmarried
31058,22,Male,White,Never-married,Own-child
31072,39,Male,White,Married-civ-spouse,Husband
31096,59,Male,White,Married-civ-spouse,Husband
311,34,Male,Asian-Pac-Islander,Married-civ-spouse,Husband
31156,20,Male,White,Never-married,Own-child
31178,64,Male,White,Married-civ-spouse,Husband
31180,75,Male,White,Widowed,Not-in-family
31202,27,Male,White,Married-civ-spouse,Husband
31219,27,Male,White,Married-civ-spouse,Husband
31262,22,Male,White,Never-married,Unmarried
31286,37,Male,White,Married-civ-spouse,Husband
31302,60,Male,Asian-Pac-Islander,Married-civ-spouse,Husband
31307,27,Male,White,Married-civ-spouse,Husband
31318,22,Female,Black,Never-married,Unmarried
31325,25,Female,Black,Never-married,Own-child
31334,53,Female,Black,Separated,Unmarried
31344,45,Male,White,Never-married,Not-in-family
31348,60,Male,White,Married-civ-spouse,Husband
31362,19,Male,White,Never-married,Own-child
31366,25,Male,Black,Never-married,Unmarried
31452,55,Female,White,Married-civ-spouse,Wife
31456,30,Male,White,Married-civ-spouse,Husband
31471,27,Male,White,Married-civ-spouse,Husband
31494,20,Female,White,Never-married,Not-in-family
31497,24,Male,White,Married-civ-spouse,Husband
31501,23,Female,White,Divorced,Unmarried
31510,42,Male,White,Married-civ-spouse,Husband
31523,49,Male,White,Married-civ-spouse,Husband
31531,28,Female,White,Married-civ-spouse,Wife
31552,26,Female,White,Divorced,Own-child
31554,28,Male,White,Married-civ-spouse,Husband
31556,18,Female,White,Never-married,Own-child
31583,29,Male,White,Never-married,Other-relative
316,77,Male,White,Married-civ-spouse,Husband
31613,36,Male,White,Married-civ-spouse,Husband
31629,57,Male,Asian-Pac-Islander,Married-civ-spouse,Husband
31648,39,Male,White,Married-civ-spouse,Husband
31677,43,Male,White,Married-civ-spouse,Husband
31678,61,Female,Black,Divorced,Own-child
3169,41,Male,White,Married-civ-spouse,Husband
31692,48,Female,Black,Never-married,Unmarried
31710,64,Male,White,Widowed,Not-in-family
31776,64,Female,White,Widowed,Not-in-family
31778,36,Male,White,Divorced,Not-in-family
31797,36,Male,White,Married-civ-spouse,Husband
31806,63,Female,White,Divorced,Not-in-family
31817,49,Male,White,Married-spouse-absent,Unmarried
31831,43,Male,Other,Married-civ-spouse,Husband
31859,24,Male,White,Never-married,Unmarried
31866,34,Male,White,Never-married,Own-child
3187,40,Female,White,Married-spouse-absent,Not-in-family
31870,44,Male,White,Married-civ-spouse,Husband
3189,43,Male,White,Married-civ-spouse,Husband
31907,48,Male,White,Married-civ-spouse,Husband
31926,29,Male,White,Never-married,Not-in-family
31927,60,Male,White,Married-civ-spouse,Husband
31949,47,Male,White,Married-civ-spouse,Husband
31950,35,Male,White,Married-civ-spouse,Husband
31953,37,Female,White,Married-civ-spouse,Wife
31973,23,Female,Black,Never-married,Not-in-family
32,45,Male,White,Divorced,Own-child
3204,50,Male,White,Widowed,Unmarried
32058,60,Female,Black,Widowed,Not-in-family
32074,30,Female,White,Married-civ-spouse,Wife
321,43,Male,White,Married-civ-spouse,Husband
32123,44,Male,White,Never-married,Not-in-family
32160,23,Female,White,Never-married,Own-child
32186,52,Male,White,Never-married,Not-in-family
32191,23,Male,Black,Married-civ-spouse,Husband
32193,68,Male,White,Divorced,Not-in-family
32197,22,Female,White,Married-civ-spouse,Wife
32226,56,Female,White,Divorced,Not-in-family
32258,51,Male,White,Married-civ-spouse,Husband
32264,32,Male,White,Married-civ-spouse,Husband
32292,41,Male,White,Married-civ-spouse,Husband
32306,24,Male,White,Married-civ-spouse,Other-relative
32307,42,Male,White,Married-civ-spouse,Husband
32332,26,Male,White,Married-civ-spouse,Husband
32342,26,Male,Black,Married-civ-spouse,Husband
3235,36,Male,White,Married-civ-spouse,Husband
32362,63,Male,White,Married-civ-spouse,Husband
32372,51,Male,White,Married-civ-spouse,Husband
32410,29,Female,White,Never-married,Not-in-family
32423,61,Female,White,Widowed,Not-in-family
32426,20,Male,White,Never-married,Own-child
32428,39,Female,Asian-Pac-Islander,Married-civ-spouse,Wife
32482,32,Male,White,Married-civ-spouse,Husband
3249,38,Male,White,Married-civ-spouse,Husband
32494,82,Male,White,Never-married,Not-in-family
32497,34,Female,White,Never-married,Not-in-family
32506,38,Male,White,Married-civ-spouse,Husband
32534,37,Female,White,Divorced,Unmarried
32542,72,Male,White,Married-civ-spouse,Husband
3262,38,Male,White,Married-civ-spouse,Husband
3287,34,Male,White,Married-civ-spouse,Husband
3302,61,Male,White,Married-civ-spouse,Husband
3309,39,Male,White,Married-civ-spouse,Husband
3310,36,Female,White,Never-married,Not-in-family
3320,46,Female,White,Never-married,Own-child
3363,36,Male,White,Married-civ-spouse,Husband
3376,35,Male,Black,Married-civ-spouse,Husband
3399,53,Male,Black,Married-civ-spouse,Husband
3405,47,Male,White,Married-civ-spouse,Husband
3433,37,Male,White,Married-civ-spouse,Husband
3466,39,Male,White,Married-civ-spouse,Husband
3475,34,Male,White,Married-civ-spouse,Husband
3490,69,Male,White,Married-civ-spouse,Husband
3499,26,Male,White,Married-civ-spouse,Husband
35,48,Male,White,Never-married,Unmarried
351,26,Male,White,Married-civ-spouse,Husband
3519,55,Female,White,Divorced,Unmarried
3523,52,Male,White,Married-civ-spouse,Husband
3554,23,Female,White,Never-married,Unmarried
3555,17,Female,Other,Never-married,Not-in-family
3561,47,Male,White,Married-civ-spouse,Husband
3570,35,Male,White,Married-civ-spouse,Husband
3588,74,Female,White,Widowed,Not-in-family
3589,31,Female,Amer-Indian-Eskimo,Never-married,Own-child
3603,61,Male,White,Married-civ-spouse,Husband
3623,31,Male,White,Married-civ-spouse,Husband
3626,44,Female,White,Married-civ-spouse,Wife
3628,22,Female,White,Never-married,Other-relative
366,56,Male,White,Married-civ-spouse,Husband
3706,22,Male,Black,Never-married,Other-relative
371,17,Male,White,Never-married,Own-child
3778,63,Male,White,Married-civ-spouse,Husband
3784,49,Male,White,Married-civ-spouse,Husband
382,25,Male,White,Married-civ-spouse,Husband
3872,38,Male,White,Married-civ-spouse,Husband
3896,57,Female,White,Divorced,Unmarried
39,48,Male,White,Married-civ-spouse,Husband
3917,19,Male,White,Never-married,Own-child
3983,64,Male,White,Married-civ-spouse,Husband
3996,54,Female,Black,Never-married,Not-in-family
4041,44,Female,Black,Divorced,Unmarried
4070,90,Male,White,Never-married,Own-child
4075,35,Male,White,Married-civ-spouse,Husband
4076,39,Female,Black,Never-married,Own-child
4078,19,Male,White,Never-married,Own-child
4081,27,Female,White,Never-married,Own-child
4082,52,Male,White,Married-civ-spouse,Husband
4107,52,Male,White,Married-civ-spouse,Not-in-family
4125,65,Male,White,Married-civ-spouse,Husband
4136,44,Male,White,Married-civ-spouse,Husband
4154,33,Male,White,Married-civ-spouse,Husband
417,30,Female,White,Never-married,Own-child
4174,17,Female,White,Never-married,Own-child
4195,21,Male,White,Never-married,Not-in-family
4215,53,Female,White,Never-married,Not-in-family
4237,29,Male,Black,Never-married,Own-child
4249,68,Male,White,Married-civ-spouse,Husband
4298,25,Female,White,Never-married,Not-in-family
4320,26,Male,White,Never-married,Own-child
4342,18,Female,White,Never-married,Own-child
4345,56,Male,White,Married-civ-spouse,Husband
4401,48,Female,White,Married-civ-spouse,Wife
4417,40,Male,White,Married-civ-spouse,Husband
442,24,Male,White,Never-married,Own-child
4432,40,Male,White,Divorced,Not-in-family
4471,46,Male,White,Married-civ-spouse,Husband
4480,30,Male,Asian-Pac-Islander,Married-civ-spouse,Husband
4493,25,Female,White,Divorced,Own-child
450,19,Female,Black,Never-married,Own-child
455,40,Male,Asian-Pac-Islander,Married-civ-spouse,Husband
4553,22,Male,Black,Never-married,Own-child
46,53,Male,White,Married-civ-spouse,Husband
4605,22,Female,White,Never-married,Own-child
4619,25,Male,White,Divorced,Other-relative
4642,21,Male,White,Never-married,Other-relative
4651,36,Male,White,Married-civ-spouse,Husband
4691,56,Male,White,Married-civ-spouse,Husband
4705,40,Female,White,Divorced,Unmarried
4709,38,Male,White,Married-civ-spouse,Husband
4710,26,Male,White,Divorced,Not-in-family
4713,32,Male,White,Divorced,Unmarried
4741,31,Female,White,Never-married,Not-in-family
4750,65,Male,White,Married-civ-spouse,Husband
4758,31,Male,White,Never-married,Unmarried
4793,58,Male,Black,Married-civ-spouse,Husband
4848,31,Female,White,Separated,Not-in-family
4857,57,Male,White,Married-civ-spouse,Husband
4873,35,Male,White,Married-civ-spouse,Husband
489,38,Male,White,Married-civ-spouse,Husband
4891,21,Female,White,Never-married,Not-in-family
4897,36,Male,White,Married-civ-spouse,Husband
49,29,Male,White,Never-married,Not-in-family
4900,33,Male,White,Married-civ-spouse,Husband
4934,25,Male,White,Married-civ-spouse,Husband
4945,38,Male,White,Married-civ-spouse,Husband
4957,25,Female,White,Separated,Own-child
4964,45,Male,White,Married-civ-spouse,Husband
4972,30,Male,Asian-Pac-Islander,Married-civ-spouse,Husband
4973,37,Male,White,Married-civ-spouse,Husband
4979,34,Male,White,Married-spouse-absent,Not-in-family
4990,33,Male,White,Divorced,Not-in-family
5027,33,Female,Black,Married-civ-spouse,Wife
509,39,Female,White,Divorced,Unmarried
5129,60,Male,White,Married-civ-spouse,Husband
5130,40,Male,White,Divorced,Not-in-family
5158,47,Male,White,Married-civ-spouse,Husband
5159,27,Male,White,Married-civ-spouse,Husband
5206,22,Male,White,Never-married,Not-in-family
5221,18,Male,White,Never-married,Own-child
5229,24,Male,White,Married-civ-spouse,Husband
5242,35,Male,White,Married-civ-spouse,Husband
5251,36,Female,White,Married-civ-spouse,Wife
5260,21,Female,White,Never-married,Own-child
527,74,Female,White,Divorced,Not-in-family
5298,33,Female,White,Married-civ-spouse,Wife
5315,32,Male,White,Never-married,Own-child
5318,39,Male,White,Married-civ-spouse,Husband
5338,28,Female,White,Divorced,Not-in-family
5360,19,Male,White,Never-married,Own-child
5412,22,Male,White,Never-married,Own-child
543,27,Male,White,Never-married,Not-in-family
5436,39,Male,White,Never-married,Not-in-family
5440,35,Female,White,Never-married,Not-in-family
5449,19,Female,White,Never-married,Own-child
5455,44,Male,White,Married-civ-spouse,Husband
5481,19,Female,Amer-Indian-Eskimo,Married-spouse-absent,Unmarried
5508,18,Female,White,Never-married,Own-child
5511,48,Female,White,Widowed,Not-in-family
5543,44,Male,White,Married-civ-spouse,Husband
5544,33,Male,White,Divorced,Not-in-family
5654,25,Male,White,Never-married,Not-in-family
567,45,Female,White,Separated,Unmarried
5698,51,Male,Asian-Pac-Islander,Married-civ-spouse,Husband
57,35,Male,White,Married-civ-spouse,Husband
5708,43,Male,White,Married-civ-spouse,Husband
5746,20,Female,White,Never-married,Own-child
5785,24,Female,White,Never-married,Own-child
5807,17,Male,Black,Never-married,Own-child
5820,37,Male,White,Married-civ-spouse,Husband
5839,48,Male,White,Married-civ-spouse,Husband
586,29,Male,White,Never-married,Not-in-family
5871,34,Male,White,Married-civ-spouse,Husband
5878,28,Male,Amer-Indian-Eskimo,Never-married,Not-in-family
5879,19,Male,White,Never-married,Own-child
5931,41,Female,White,Married-civ-spouse,Wife
5936,52,Female,White,Married-spouse-absent,Not-in-family
5937,71,Male,White,Widowed,Not-in-family
5944,35,Male,White,Never-married,Not-in-family
5969,32,Male,Black,Never-married,Other-relative
5977,29,Male,White,Married-civ-spouse,Husband
5996,20,Male,White,Never-married,Own-child
6046,61,Female,White,Married-civ-spouse,Wife
6050,65,Male,White,Married-civ-spouse,Husband
6052,33,Male,White,Divorced,Unmarried
6074,55,Female,White,Widowed,Unmarried
6092,55,Female,White,Married-civ-spouse,Wife
6106,46,Female,White,Never-married,Unmarried
6128,23,Male,White,Never-married,Own-child
6147,58,Male,White,Married-civ-spouse,Husband
6162,28,Female,White,Separated,Unmarried
6225,36,Female,Black,Married-civ-spouse,Wife
6230,31,Male,White,Married-civ-spouse,Husband
6233,67,Male,White,Married-civ-spouse,Husband
6238,32,Female,White,Never-married,Not-in-family
6243,47,Female,White,Never-married,Not-in-family
6261,41,Female,White,Separated,Unmarried
6273,23,Female,White,Never-married,Own-child
6302,33,Male,White,Married-civ-spouse,Husband
6321,20,Male,Asian-Pac-Islander,Never-married,Own-child
6331,39,Female,White,Married-civ-spouse,Wife
6335,46,Female,White,Married-civ-spouse,Wife
6362,51,Male,White,Married-civ-spouse,Husband
6389,18,Male,White,Never-married,Own-child
6394,34,Female,White,Never-married,Own-child
6396,20,Male,White,Never-married,Own-child
6402,20,Male,White,Never-married,Not-in-family
6412,17,Male,White,Never-married,Own-child
643,36,Male,White,Married-civ-spouse,Husband
6466,46,Male,White,Married-civ-spouse,Husband
6470,22,Female,White,Never-married,Not-in-family
6472,54,Male,White,Married-civ-spouse,Husband
6474,37,Female,White,Separated,Unmarried
6488,29,Male,White,Married-civ-spouse,Husband
6507,51,Male,Black,Married-civ-spouse,Husband
6552,37,Male,White,Married-civ-spouse,Husband
6601,44,Female,Black,Married-spouse-absent,Not-in-family
6607,38,Male,White,Married-civ-spouse,Husband
6634,24,Male,White,Never-married,Not-in-family
6663,18,Male,White,Never-married,Own-child
6695,35,Female,White,Married-civ-spouse,Wife
6732,31,Female,Black,Never-married,Other-relative
6734,33,Female,White,Separated,Unmarried
6737,42,Male,White,Married-civ-spouse,Husband
675,22,Female,White,Never-married,Own-child
6757,44,Female,White,Divorced,Own-child
6761,53,Male,White,Married-civ-spouse,Husband
6765,28,Male,White,Married-civ-spouse,Husband
6788,28,Female,White,Separated,Unmarried
6798,64,Male,White,Married-civ-spouse,Husband
6819,32,Male,White,Never-married,Not-in-family
6830,48,Male,White,Married-civ-spouse,Husband
6849,24,Male,White,Married-civ-spouse,Husband
6871,35,Male,Asian-Pac-Islander,Never-married,Not-in-family
693,20,Male,White,Never-married,Own-child
7024,73,Male,White,Widowed,Not-in-family
7087,45,Female,White,Divorced,Not-in-family
7098,32,Female,White,Never-married,Not-in-family
7137,39,Female,Black,Married-civ-spouse,Other-relative
7156,36,Male,White,Never-married,Unmarried
7163,39,Female,White,Married-civ-spouse,Wife
7181,24,Female,White,Never-married,Not-in-family
7225,23,Male,White,Never-married,Not-in-family
7227,53,Female,Black,Widowed,Not-in-family
7267,29,Female,White,Separated,Unmarried
7291,25,Male,White,Never-married,Own-child
7292,33,Male,White,Married-civ-spouse,Husband
7297,63,Male,White,Married-civ-spouse,Husband
7315,26,Female,White,Never-married,Other-relative
7318,24,Female,White,Divorced,Unmarried
7348,25,Female,White,Married-civ-spouse,Wife
7378,23,Female,White,Divorced,Own-child
7498,74,Male,White,Married-civ-spouse,Husband
750,29,Male,White,Married-civ-spouse,Husband
7510,62,Male,White,Married-civ-spouse,Husband
7520,40,Male,White,Divorced,Not-in-family
7535,36,Female,White,Divorced,Unmarried
7543,41,Female,White,Divorced,Unmarried
7554,34,Male,White,Married-civ-spouse,Husband
756,54,Male,White,Married-civ-spouse,Husband
7607,55,Male,White,Married-civ-spouse,Husband
7625,32,Female,White,Never-married,Not-in-family
7639,19,Female,White,Never-married,Other-relative
7648,53,Male,White,Married-civ-spouse,Husband
7649,44,Male,White,Married-civ-spouse,Husband
7659,32,Male,Other,Married-civ-spouse,Husband
7665,45,Female,Black,Divorced,Unmarried
7685,27,Male,White,Never-married,Own-child
77,67,Male,White,Married-civ-spouse,Husband
7717,18,Female,White,Never-married,Own-child
7727,22,Male,White,Never-married,Other-relative
7737,49,Female,White,Widowed,Unmarried
7756,31,Male,Black,Divorced,Other-relative
7757,50,Male,White,Married-civ-spouse,Husband
7814,26,Female,White,Never-married,Not-in-family
7819,58,Male,White,Divorced,Not-in-family
7857,30,Female,White,Never-married,Not-in-family
7880,52,Male,White,Married-civ-spouse,Husband
7898,33,Male,White,Married-civ-spouse,Husband
79,31,Male,White,Married-civ-spouse,Husband
791,41,Male,White,Married-civ-spouse,Husband
7983,50,Male,White,Married-civ-spouse,Husband
7993,36,Male,White,Married-civ-spouse,Husband
801,24,Male,Black,Never-married,Own-child
8032,39,Male,White,Married-civ-spouse,Husband
8045,47,Male,White,Married-AF-spouse,Husband
8048,52,Male,White,Married-civ-spouse,Husband
8057,36,Male,White,Married-civ-spouse,Husband
8117,35,Male,White,Married-civ-spouse,Husband
8139,39,Male,White,Married-civ-spouse,Husband
82,46,Female,White,Married-civ-spouse,Wife
8203,20,Female,White,Never-married,Own-child
8225,36,Male,White,Never-married,Not-in-family
8226,35,Male,White,Married-civ-spouse,Husband
8250,41,Male,White,Divorced,Not-in-family
8254,39,Female,White,Widowed,Own-child
8257,19,Female,White,Never-married,Own-child
8269,62,Female,White,Married-civ-spouse,Wife
8274,56,Female,Black,Divorced,Unmarried
8296,27,Male,White,Married-civ-spouse,Husband
8335,56,Female,White,Divorced,Not-in-family
8345,31,Male,White,Divorced,Not-in-family
8353,26,Male,White,Never-married,Not-in-family
8395,21,Female,White,Never-married,Not-in-family
8457,23,Male,White,Never-married,Not-in-family
8459,40,Male,White,Married-civ-spouse,Husband
8502,18,Male,White,Never-married,Own-child
8534,29,Male,White,Never-married,Own-child
8556,39,Male,White,Never-married,Own-child
8569,23,Male,White,Never-married,Not-in-family
858,34,Female,White,Never-married,Own-child
8589,25,Female,White,Never-married,Not-in-family
8634,32,Male,White,Married-civ-spouse,Husband
8668,27,Male,White,Married-civ-spouse,Husband
8686,59,Male,White,Married-civ-spouse,Husband
876,23,Female,Black,Never-married,Unmarried
8768,52,Male,White,Married-civ-spouse,Husband
8779,36,Male,White,Married-civ-spouse,Husband
8799,60,Female,White,Divorced,Not-in-family
880,49,Female,White,Divorced,Not-in-family
8802,50,Male,White,Never-married,Not-in-family
8809,34,Male,White,Never-married,Not-in-family
8810,37,Female,White,Divorced,Unmarried
8869,33,Male,White,Married-civ-spouse,Husband
8872,53,Female,White,Married-civ-spouse,Wife
8883,41,Male,White,Married-civ-spouse,Husband
889,29,Female,White,Divorced,Not-in-family
8900,24,Male,White,Married-civ-spouse,Husband
8910,36,Male,White,Married-civ-spouse,Husband
894,42,Male,White,Married-civ-spouse,Husband
8961,59,Male,White,Married-civ-spouse,Husband
8997,42,Female,White,Separated,Unmarried
9042,28,Female,Black,Never-married,Not-in-family
9043,21,Female,White,Never-married,Own-child
912,53,Male,White,Married-civ-spouse,Husband
9127,41,Male,White,Never-married,Unmarried
9137,66,Male,White,Married-civ-spouse,Husband
9165,34,Female,White,Married-civ-spouse,Wife
9177,36,Male,White,Married-civ-spouse,Husband
9179,32,Male,White,Married-civ-spouse,Husband
918,81,Male,White,Married-civ-spouse,Husband
9218,50,Male,White,Married-civ-spouse,Husband
9306,52,Male,White,Married-civ-spouse,Husband
935,37,Male,White,Married-civ-spouse,Husband
9372,58,Male,White,Married-civ-spouse,Husband
9384,23,Female,White,Never-married,Own-child
9398,27,Male,White,Never-married,Own-child
9417,33,Male,White,Married-civ-spouse,Husband
9466,44,Male,White,Married-civ-spouse,Husband
9478,47,Male,White,Never-married,Not-in-family
9480,26,Male,White,Married-civ-spouse,Husband
9493,52,Male,White,Married-civ-spouse,Husband
9514,39,Female,White,Never-married,Unmarried
9541,39,Female,White,Divorced,Own-child
9543,27,Male,Other,Divorced,Other-relative
9546,60,Male,White,Married-civ-spouse,Husband
9574,19,Male,White,Never-married,Not-in-family
9613,55,Male,White,Married-civ-spouse,Husband
9632,42,Male,White,Married-civ-spouse,Husband
9654,47,Male,White,Divorced,Unmarried
968,48,Male,Asian-Pac-Islander,Married-civ-spouse,Husband
9680,29,Male,White,Never-married,Not-in-family
9695,52,Male,White,Married-civ-spouse,Husband
970,34,Male,White,Married-civ-spouse,Husband
9711,48,Female,Asian-Pac-Islander,Never-married,Unmarried
9721,49,Female,White,Divorced,Not-in-family
9735,78,Male,Asian-Pac-Islander,Widowed,Unmarried
9753,44,Female,White,Divorced,Not-in-family
9763,43,Female,White,Divorced,Unmarried
9772,39,Female,White,Never-married,Not-in-family
9796,39,Male,White,Married-civ-spouse,Husband
9800,44,Male,Black,Separated,Not-in-family
9811,28,Male,Asian-Pac-Islander,Married-civ-spouse,Husband
9894,50,Male,White,Divorced,Not-in-family
9906,44,Male,White,Married-civ-spouse,Husband
9921,44,Male,White,Divorced,Not-in-family
9937,31,Male,White,Married-civ-spouse,Husband
