record_id,age,sex,education,occupation,workclass,hours-per-week
1,50,Male,Bachelors,Exec-managerial,Self-emp-not-inc,13
1000,20,Male,Some-college,Other-service,Private,40
10010,56,Male,HS-grad,Sales,Private,40
1002,38,Female,HS-grad,Prof-specialty,State-gov,40
10025,45,Male,Bachelors,Prof-specialty,Local-gov,37
10032,33,Female,Some-college,Other-service,Private,28
10033,28,Male,HS-grad,Sales,Private,40
10051,32,Male,Doctorate,Prof-specialty,Self-emp-inc,77
10056,18,Male,11th,?,?,35
10072,18,Female,Some-college,Machine-op-inspct,Private,15
10081,25,Male,HS-grad,Sales,Private,40
10084,38,Female,Assoc-acdm,Exec-managerial,Private,40
10086,34,Male,HS-grad,Farming-fishing,Self-emp-not-inc,70
10091,29,Male,Masters,Prof-specialty,State-gov,20
10145,28,Male,Bachelors,Exec-managerial,Private,40
10223,27,Male,HS-grad,Sales,Self-emp-not-inc,40
10254,31,Male,12th,Sales,Private,32
10297,37,Female,Some-college,Prof-specialty,Private,30
10361,19,Female,Some-college,?,?,35
10371,37,Male,Some-college,Craft-repair,Private,52
10400,19,Female,Some-college,Adm-clerical,Private,30
10434,45,Female,Prof-school,Prof-specialty,State-gov,43
10439,18,Female,HS-grad,Machine-op-inspct,Private,30
10493,48,Male,Masters,Prof-specialty,Local-gov,50
105,32,Male,HS-grad,Craft-repair,Self-emp-inc,40
10502,29,Female,Bachelors,Exec-managerial,Private,45
10511,33,Male,HS-grad,Craft-repair,Private,40
10522,56,Male,Bachelors,Prof-specialty,Self-emp-not-inc,20
10524,26,Female,Bachelors,Prof-specialty,Private,40
10539,22,Female,Some-college,?,?,25
10562,36,Male,HS-grad,Transport-moving,Private,45
10566,38,Male,Some-college,Exec-managerial,Private,50
1057,41,Female,Assoc-voc,Craft-repair,Private,40
10610,38,Male,Assoc-voc,Craft-repair,Federal-gov,40
10618,53,Male,Bachelors,Exec-managerial,Private,50
10621,38,Male,HS-grad,Craft-repair,Private,50
1066,35,Male,Prof-school,Prof-specialty,Private,80
10664,45,Male,5th-6th,Transport-moving,Private,40
10694,25,Male,HS-grad,Exec-managerial,State-gov,40
10737,55,Male,Some-college,Exec-managerial,Private,70
1075,19,Male,Some-college,Craft-repair,Self-emp-not-inc,20
10771,46,Male,Bachelors,Sales,Self-emp-inc,72
10788,47,Female,HS-grad,Adm-clerical,Private,40
10807,54,Female,Some-college,Exec-managerial,Private,40
10818,32,Male,HS-grad,Adm-clerical,Private,40
10828,68,Male,7th-8th,?,?,40
10832,24,Male,HS-grad,Adm-clerical,Private,40
10834,35,Female,Bachelors,Prof-specialty,Private,40
10852,34,Female,Some-college,Adm-clerical,Private,38
10861,43,Female,HS-grad,Other-service,Private,40
10864,57,Female,HS-grad,Adm-clerical,Private,40
10866,44,Male,Some-college,Craft-repair,Self-emp-inc,58
10870,35,Male,HS-grad,Transport-moving,Private,50
10907,25,Male,HS-grad,Transport-moving,Private,40
10923,30,Male,HS-grad,Handlers-cleaners,Private,40
10945,45,Male,Some-college,Craft-repair,Private,40
10960,36,Male,HS-grad,Craft-repair,Private,40
11046,23,Male,HS-grad,?,?,60
11049,55,Male,Bachelors,Craft-repair,Private,40
11079,35,Male,Some-college,Exec-managerial,Private,40
11084,17,Male,10th,Other-service,Private,20
11123,39,Female,Bachelors,Prof-specialty,Federal-gov,60
11139,35,Male,HS-grad,Adm-clerical,Private,40
11210,36,Female,Doctorate,Prof-specialty,Self-emp-not-inc,10
11228,30,Male,Some-college,?,?,60
1130,30,Female,Some-college,Machine-op-inspct,Private,40
11324,65,Male,Assoc-acdm,Exec-managerial,Private,40
11331,23,Female,Bachelors,Exec-managerial,Private,40
11336,41,Male,Bachelors,Protective-serv,State-gov,40
1135,31,Male,Some-college,Exec-managerial,Private,50
11363,32,Male,Some-college,Sales,Private,47
11390,30,Female,Some-college,Other-service,Self-emp-not-inc,30
11394,45,Male,HS-grad,Handlers-cleaners,Private,40
114,36,Female,HS-grad,Machine-op-inspct,Private,40
11414,41,Male,HS-grad,Craft-repair,Private,44
11418,38,Female,Bachelors,Sales,Private,40
11421,31,Female,Assoc-acdm,?,?,25
11445,49,Male,HS-grad,Machine-op-inspct,Private,40
11447,39,Male,HS-grad,Other-service,Private,40
11458,31,Female,Bachelors,Prof-specialty,Private,40
11477,36,Female,10th,Sales,Private,35
11481,30,Female,HS-grad,Adm-clerical,State-gov,38
11498,33,Male,Bachelors,Adm-clerical,Private,42
11513,47,Male,Bachelors,Prof-specialty,Private,60
11529,27,Male,HS-grad,Sales,Self-emp-inc,45
11533,24,Male,Assoc-voc,Other-service,Private,20
11552,61,Male,HS-grad,Other-service,Local-gov,40
11619,51,Male,Assoc-acdm,Craft-repair,Private,45
11622,68,Female,10th,Other-service,Private,20
11643,28,Male,HS-grad,Adm-clerical,Private,40
11680,41,Male,Masters,Prof-specialty,Self-emp-not-inc,40
11683,47,Male,Some-college,Other-service,Self-emp-not-inc,40
11706,38,Male,HS-grad,Adm-clerical,Private,45
11714,29,Female,HS-grad,Other-service,Private,30
11731,90,Male,HS-grad,?,?,4
11754,69,Male,Some-college,Exec-managerial,Private,50
1177,50,Male,HS-grad,Prof-specialty,State-gov,48
11770,78,Female,HS-grad,?,?,20
11786,29,Male,HS-grad,Machine-op-inspct,Private,40
11832,34,Female,HS-grad,Handlers-cleaners,Private,40
11872,34,Female,HS-grad,Adm-clerical,Private,35
11886,38,Male,Some-college,Other-service,Federal-gov,40
11910,28,Male,Some-college,Farming-fishing,Self-emp-not-inc,55
11913,37,Male,HS-grad,Sales,Private,50
11954,24,Male,HS-grad,Craft-repair,Private,40
11976,30,Male,Bachelors,Prof-specialty,Private,35
12011,51,Female,Some-college,Handlers-cleaners,Private,40
12028,33,Female,Some-college,Exec-managerial,Private,40
12039,39,Male,HS-grad,Craft-repair,Private,30
12061,28,Male,HS-grad,Transport-moving,Private,55
12090,65,Male,Assoc-voc,Farming-fishing,Self-emp-not-inc,25
12099,38,Male,HS-grad,Adm-clerical,Private,40
1212,31,Female,Some-college,Craft-repair,Private,20
12136,20,Male,HS-grad,Other-service,Private,30
12163,64,Male,Assoc-voc,Exec-managerial,Local-gov,40
1217,33,Female,HS-grad,?,?,41
12194,52,Male,HS-grad,Craft-repair,Private,40
12202,30,Male,Masters,Prof-specialty,Private,44
12207,33,Male,Masters,Prof-specialty,Private,40
12208,50,Male,Assoc-acdm,Machine-op-inspct,Private,50
12217,57,Female,HS-grad,Adm-clerical,Private,36
12234,27,Female,HS-grad,Adm-clerical,Private,42
12239,26,Male,HS-grad,Machine-op-inspct,Private,45
12254,60,Male,5th-6th,Craft-repair,Private,45
1229,75,Male,Prof-school,Prof-specialty,Self-emp-not-inc,35
12303,32,Male,Doctorate,Prof-specialty,Private,40
12304,55,Male,Some-college,Craft-repair,Private,40
12305,30,Male,Some-college,Handlers-cleaners,Private,40
12309,22,Female,Some-college,Exec-managerial,Private,40
12311,36,Male,Some-college,Exec-managerial,Private,40
12326,59,Male,Some-college,?,?,40
12329,22,Female,Some-college,Exec-managerial,Private,40
12338,47,Male,Doctorate,Prof-specialty,State-gov,50
12347,43,Male,HS-grad,Sales,Private,40
12353,27,Male,Assoc-acdm,Sales,Private,40
12366,17,Female,10th,Sales,Private,12
12403,22,Female,HS-grad,Craft-repair,Private,40
12411,25,Male,Bachelors,?,?,40
1242,36,Female,HS-grad,Exec-managerial,State-gov,40
12438,28,Female,Bachelors,?,?,10
12448,29,Male,Bachelors,Tech-support,Private,40
12450,41,Male,Some-college,Farming-fishing,Self-emp-not-inc,50
12453,20,Male,HS-grad,Handlers-cleaners,Private,40
12484,27,Male,HS-grad,Tech-support,State-gov,40
1252,30,Male,HS-grad,Adm-clerical,Private,40
12561,45,Female,HS-grad,Adm-clerical,Private,30
1257,57,Male,HS-grad,Sales,Private,50
12577,28,Male,Bachelors,Prof-specialty,Self-emp-not-inc,60
12579,24,Male,Bachelors,Sales,Private,40
12630,32,Male,HS-grad,Transport-moving,Private,40
12631,36,Male,Some-college,Sales,Private,45
12632,30,Male,HS-grad,Craft-repair,Self-emp-not-inc,40
12649,33,Male,HS-grad,Craft-repair,Private,40
1266,38,Male,Bachelors,Prof-specialty,Private,40
12665,37,Male,Some-college,Exec-managerial,Federal-gov,55
12676,23,Male,Some-college,Sales,Private,25
12689,41,Male,Assoc-acdm,Tech-support,Local-gov,40
12696,56,Male,Some-college,Craft-repair,Self-emp-not-inc,60
12752,42,Male,HS-grad,Craft-repair,Private,50
12759,43,Female,Masters,Exec-managerial,Self-emp-not-inc,40
12771,38,Male,HS-grad,Craft-repair,Private,40
12796,41,Female,HS-grad,Other-service,Private,40
12804,51,Male,HS-grad,Tech-support,Private,40
12831,37,Female,Masters,Prof-specialty,Private,38
12838,17,Male,12th,Prof-specialty,Private,7
12853,37,Male,Prof-school,?,?,6
12860,51,Male,HS-grad,Craft-repair,Self-emp-not-inc,60
12905,37,Male,11th,Craft-repair,Private,40
12970,48,Male,Some-college,Exec-managerial,Self-emp-inc,40
12982,49,Male,Bachelors,Exec-managerial,Federal-gov,40
1299,22,Male,HS-grad,Craft-repair,Private,40
12991,76,Male,10th,?,?,40
12993,28,Female,Assoc-voc,Other-service,Private,40
13011,36,Male,Bachelors,Tech-support,Private,40
13013,51,Female,Assoc-acdm,Sales,Self-emp-inc,25
13015,57,Male,Prof-school,Prof-specialty,Self-emp-not-inc,30
1304,30,Male,Assoc-voc,Exec-managerial,Private,48
13117,36,Female,HS-grad,Adm-clerical,Private,40
13143,28,Male,Bachelors,Adm-clerical,Private,35
13164,39,Male,Assoc-voc,Adm-clerical,Private,40
13167,34,Male,11th,Transport-moving,Private,40
13171,32,Female,Some-college,Sales,Private,40
13190,32,Male,Assoc-voc,Transport-moving,Private,40
13191,43,Female,Bachelors,Sales,Self-emp-not-inc,60
13215,22,Female,Bachelors,Prof-specialty,Local-gov,35
13234,68,Male,Some-college,?,?,20
13256,55,Female,HS-grad,Adm-clerical,Private,40
13326,51,Female,Some-college,Adm-clerical,Private,35
13338,36,Male,Assoc-acdm,Adm-clerical,Private,40
13348,34,Male,Some-college,Protective-serv,Local-gov,40
13372,25,Female,HS-grad,Adm-clerical,Private,40
13396,31,Male,10th,Craft-repair,Private,40
13458,48,Male,7th-8th,Craft-repair,Private,32
13462,55,Male,HS-grad,Sales,Self-emp-not-inc,40
13463,42,Male,Bachelors,Craft-repair,Self-emp-not-inc,60
13494,35,Female,Some-college,Other-service,Federal-gov,40
13511,28,Male,Assoc-voc,Farming-fishing,Self-emp-not-inc,60
13578,22,Female,Some-college,Sales,Private,40
13595,29,Male,Assoc-acdm,Other-service,Self-emp-not-inc,60
13597,40,Male,Bachelors,Farming-fishing,Private,40
13599,34,Male,Bachelors,Sales,Private,60
13603,18,Male,HS-grad,Sales,Self-emp-not-inc,48
13606,18,Female,11th,Other-service,Private,12
13669,42,Male,HS-grad,Transport-moving,Private,50
13684,42,Male,Assoc-voc,Craft-repair,Private,40
13732,44,Female,Some-college,Adm-clerical,Private,35
13737,28,Male,HS-grad,Craft-repair,Federal-gov,40
13740,18,Male,11th,Other-service,Private,15
13749,43,Female,HS-grad,Other-service,Private,35
1375,41,Female,HS-grad,Sales,Private,40
13804,51,Female,Assoc-acdm,Prof-specialty,Private,40
13850,45,Female,5th-6th,Priv-house-serv,Private,35
13890,47,Male,HS-grad,Other-service,Private,25
13892,64,Male,Bachelors,Prof-specialty,Self-emp-not-inc,24
13943,27,Male,Some-college,Transport-moving,Private,45
1395,42,Male,10th,Transport-moving,Private,40
13954,41,Female,Assoc-voc,Prof-specialty,Self-emp-not-inc,15
13977,52,Male,Some-college,Transport-moving,Local-gov,40
14000,54,Male,HS-grad,Exec-managerial,Self-emp-inc,60
1401,55,Male,Assoc-acdm,Tech-support,Private,25
14015,49,Male,Masters,Sales,Self-emp-inc,40
14037,24,Male,Bachelors,Adm-clerical,Private,10
14044,57,Male,HS-grad,Exec-managerial,Self-emp-inc,40
14053,39,Female,11th,?,?,40
14058,28,Male,Masters,Exec-managerial,Private,30
14065,38,Female,Some-college,Other-service,Private,58
14076,51,Male,HS-grad,Adm-clerical,Federal-gov,40
1408,37,Male,HS-grad,Transport-moving,Private,50
14091,25,Male,Bachelors,Adm-clerical,Private,40
14129,48,Male,HS-grad,Craft-repair,Self-emp-not-inc,30
1413,53,Male,Some-college,Exec-managerial,Private,45
14173,40,Male,HS-grad,Exec-managerial,Self-emp-inc,40
14180,52,Male,Masters,Prof-specialty,Local-gov,32
14185,28,Male,HS-grad,Handlers-cleaners,Private,40
14228,57,Male,7th-8th,Craft-repair,Self-emp-not-inc,40
14242,34,Male,HS-grad,Transport-moving,Private,40
14251,69,Male,5th-6th,Adm-clerical,Private,40
14253,36,Male,Assoc-voc,Machine-op-inspct,Private,40
14293,53,Female,HS-grad,Exec-managerial,Federal-gov,58
14303,26,Female,Some-college,Exec-managerial,Private,25
14306,28,Female,Some-college,Adm-clerical,Private,15
1431,59,Female,HS-grad,Exec-managerial,Private,40
14326,48,Male,Bachelors,Exec-managerial,Private,40
14330,67,Male,Doctorate,?,?,5
14369,27,Male,HS-grad,Sales,Private,40
1437,36,Female,Assoc-acdm,Adm-clerical,Federal-gov,40
14442,27,Female,Some-college,Adm-clerical,Private,45
14474,32,Female,Assoc-voc,Prof-specialty,Private,40
14507,23,Male,Some-college,Adm-clerical,Private,24
14520,18,Male,9th,Machine-op-inspct,Private,40
14522,39,Male,Assoc-voc,Farming-fishing,Private,60
14525,32,Male,HS-grad,Other-service,Local-gov,40
14530,48,Female,HS-grad,Other-service,Private,32
14556,31,Male,9th,Craft-repair,Private,45
14632,20,Female,Assoc-voc,Adm-clerical,Local-gov,35
14660,41,Male,HS-grad,Handlers-cleaners,Private,40
14665,40,Male,Bachelors,Adm-clerical,Private,40
14668,30,Male,Bachelors,Prof-specialty,Private,40
14691,29,Female,7th-8th,Other-service,Private,40
14701,51,Male,HS-grad,Tech-support,Private,50
14723,28,Male,7th-8th,Adm-clerical,Private,40
1474,22,Female,Some-college,Handlers-cleaners,Private,36
14746,25,Male,Bachelors,?,?,20
14773,44,Male,HS-grad,Craft-repair,Private,70
14791,58,Male,HS-grad,Sales,Private,40
14792,31,Female,HS-grad,Other-service,Private,8
14801,56,Male,HS-grad,Handlers-cleaners,Private,28
14807,33,Male,HS-grad,Protective-serv,Private,70
14816,39,Female,Bachelors,Prof-specialty,Private,40
1482,53,Male,HS-grad,Sales,Self-emp-inc,40
14823,50,Female,11th,Machine-op-inspct,Private,40
14851,17,Female,9th,Sales,Self-emp-inc,40
14865,28,Male,Some-college,Adm-clerical,Private,40
14889,48,Male,Some-college,Handlers-cleaners,Private,30
14895,35,Male,5th-6th,Craft-repair,Federal-gov,40
14897,41,Male,Some-college,Craft-repair,Private,48
14913,61,Female,5th-6th,Farming-fishing,Private,45
15,34,Male,7th-8th,Transport-moving,Private,45
15012,70,Male,5th-6th,?,?,20
15029,28,Female,Some-college,Adm-clerical,Local-gov,16
15046,34,Male,11th,Machine-op-inspct,Private,40
15065,20,Female,Some-college,Adm-clerical,Private,45
15088,53,Female,HS-grad,Sales,Private,35
15117,49,Male,Some-college,Exec-managerial,Private,45
15147,30,Female,HS-grad,Adm-clerical,State-gov,40
15163,25,Male,Some-college,Farming-fishing,Private,20
1517,59,Female,Bachelors,Adm-clerical,Private,30
15189,19,Male,Some-college,Exec-managerial,Private,30
15198,32,Male,10th,Craft-repair,Private,40
15218,30,Male,HS-grad,Exec-managerial,Private,62
15229,53,Male,Some-college,Adm-clerical,Federal-gov,40
15231,30,Male,Bachelors,Prof-specialty,State-gov,35
15249,41,Female,HS-grad,Sales,Private,40
15268,24,Female,Some-college,Prof-specialty,State-gov,50
15276,31,Male,HS-grad,Craft-repair,Private,45
15315,60,Male,Doctorate,Prof-specialty,State-gov,60
15330,57,Male,Some-college,Craft-repair,Private,45
15331,62,Male,Bachelors,Exec-managerial,Private,50
15366,31,Male,HS-grad,Craft-repair,Private,65
15391,22,Female,HS-grad,Adm-clerical,Private,55
15399,20,Male,Some-college,Farming-fishing,Private,72
15406,32,Male,HS-grad,Machine-op-inspct,Private,45
15422,42,Male,HS-grad,Machine-op-inspct,Private,15
15425,31,Male,Bachelors,Exec-managerial,Self-emp-inc,55
15431,33,Male,Some-college,Transport-moving,Private,50
15438,23,Female,HS-grad,Machine-op-inspct,Private,40
1546,17,Male,10th,Sales,Private,30
15524,43,Female,Some-college,Sales,Private,55
15527,18,Male,11th,Other-service,Private,20
15541,48,Male,Some-college,Exec-managerial,Self-emp-inc,40
15542,17,Male,10th,?,?,40
15545,53,Female,HS-grad,Sales,Private,30
15607,21,Female,HS-grad,Adm-clerical,Private,40
15628,29,Male,10th,Craft-repair,Private,40
15634,27,Male,Some-college,Craft-repair,Private,40
15636,50,Male,Some-college,Craft-repair,Private,40
15647,40,Male,Assoc-voc,Craft-repair,Private,50
15663,33,Female,Some-college,Other-service,Federal-gov,10
15667,66,Female,HS-grad,Priv-house-serv,Private,8
15700,36,Male,HS-grad,Other-service,Private,50
15745,53,Male,Doctorate,Exec-managerial,Self-emp-inc,50
15753,38,Male,HS-grad,Exec-managerial,Private,40
15823,21,Male,Some-college,Craft-repair,Private,40
15861,20,Female,HS-grad,Sales,Private,35
15875,59,Male,HS-grad,Adm-clerical,Private,45
15946,33,Female,HS-grad,Adm-clerical,Federal-gov,30
15948,54,Female,Doctorate,Exec-managerial,State-gov,50
16030,24,Male,HS-grad,Machine-op-inspct,Private,40
16041,23,Female,Some-college,Adm-clerical,Private,25
16071,57,Male,HS-grad,Craft-repair,State-gov,40
16114,60,Male,7th-8th,Craft-repair,Private,40
16126,50,Male,HS-grad,Craft-repair,Private,40
16143,40,Male,Masters,Prof-specialty,Federal-gov,40
1615,60,Male,HS-grad,Prof-specialty,Private,40
16159,55,Male,HS-grad,Transport-moving,Private,32
16186,19,Male,HS-grad,Farming-fishing,Private,30
16211,23,Male,Masters,Prof-specialty,Private,40
16221,21,Female,Some-college,?,?,40
16227,54,Male,HS-grad,Craft-repair,Private,40
16240,37,Male,Assoc-voc,Craft-repair,Private,45
16257,19,Female,HS-grad,Adm-clerical,Private,42
16293,18,Female,12th,Adm-clerical,Private,30
16361,24,Female,Bachelors,Priv-house-serv,Private,40
16388,35,Female,HS-grad,Sales,Private,30
1639,54,Male,HS-grad,Machine-op-inspct,Private,50
16397,47,Female,HS-grad,Adm-clerical,Private,48
16402,24,Male,HS-grad,Craft-repair,Private,42
16411,55,Male,10th,Transport-moving,Private,50
16464,67,Female,7th-8th,Other-service,Local-gov,20
16479,24,Female,Some-college,Adm-clerical,Private,45
16505,46,Male,5th-6th,Transport-moving,Private,40
16513,75,Male,Some-college,Craft-repair,Self-emp-not-inc,30
16551,28,Female,Some-college,Sales,Private,45
16577,35,Male,12th,Machine-op-inspct,Private,40
1658,18,Male,Some-college,Sales,Private,16
16652,31,Female,HS-grad,Other-service,Private,25
16655,38,Male,Bachelors,Protective-serv,Local-gov,40
16657,34,Male,Doctorate,Prof-specialty,Self-emp-not-inc,50
16711,18,Female,Some-college,Sales,Private,20
16754,26,Female,Bachelors,Prof-specialty,Local-gov,38
16782,45,Male,Bachelors,Transport-moving,Private,50
16787,17,Male,11th,Sales,Private,30
16836,44,Male,Some-college,Craft-repair,Private,40
16848,39,Female,Bachelors,Prof-specialty,Private,50
16864,42,Male,Bachelors,Sales,Private,50
16877,49,Female,Prof-school,Exec-managerial,State-gov,40
16903,40,Male,Bachelors,Adm-clerical,Federal-gov,48
16934,42,Male,Assoc-acdm,Craft-repair,Self-emp-not-inc,35
16939,23,Male,Some-college,Sales,Private,9
16953,44,Male,Assoc-acdm,Sales,Private,40
16979,54,Male,Masters,Sales,Private,68
16984,75,Female,HS-grad,?,?,14
17035,51,Female,Assoc-acdm,Other-service,Private,40
17074,17,Male,9th,Transport-moving,Private,20
17083,24,Female,Assoc-voc,Adm-clerical,Private,20
17113,67,Female,HS-grad,Sales,Private,32
17116,44,Male,Bachelors,Exec-managerial,Self-emp-not-inc,50
17136,50,Male,Some-college,Protective-serv,Private,70
17185,22,Male,Assoc-voc,Other-service,Private,44
17224,46,Male,Bachelors,Exec-managerial,Federal-gov,40
17241,37,Male,HS-grad,Craft-repair,Self-emp-inc,40
17249,32,Male,Bachelors,Adm-clerical,Private,40
17279,32,Female,Bachelors,?,?,20
17296,31,Female,HS-grad,Sales,Private,30
1730,24,Male,Masters,Exec-managerial,Private,90
17341,43,Female,Some-college,Handlers-cleaners,Private,40
17343,38,Female,HS-grad,Other-service,Private,75
17357,38,Male,HS-grad,Craft-repair,Private,50
17362,30,Male,11th,Craft-repair,Private,40
17392,59,Female,HS-grad,Adm-clerical,Private,40
17397,45,Male,Some-college,Craft-repair,Private,40
1740,30,Male,Bachelors,Adm-clerical,Private,40
17412,33,Female,Bachelors,?,?,40
17431,21,Male,HS-grad,Craft-repair,Self-emp-not-inc,40
1744,43,Male,Some-college,Craft-repair,Self-emp-not-inc,60
17448,23,Male,HS-grad,Craft-repair,Private,40
17449,23,Female,Some-college,Other-service,Private,20
17455,25,Male,10th,Exec-managerial,Private,40
17466,36,Female,Some-college,Adm-clerical,Private,12
17502,46,Male,Masters,Sales,Self-emp-inc,60
17520,31,Female,Doctorate,Prof-specialty,Self-emp-not-inc,48
17531,21,Male,7th-8th,?,?,40
17555,30,Male,Some-college,Adm-clerical,Private,40
17607,26,Female,HS-grad,Adm-clerical,Private,52
17623,43,Male,Some-college,Tech-support,Private,40
17627,26,Male,Bachelors,Exec-managerial,Private,45
17680,23,Male,HS-grad,Other-service,Private,40
17682,49,Male,HS-grad,Sales,Private,44
1771,50,Male,Some-college,Exec-managerial,Private,50
17732,56,Female,Some-college,Sales,Self-emp-inc,60
17736,33,Male,Bachelors,Exec-managerial,Private,55
17746,27,Male,11th,Craft-repair,Private,45
17785,42,Female,HS-grad,Handlers-cleaners,Private,40
1779,43,Male,Some-college,Sales,Private,40
17828,54,Male,Bachelors,Exec-managerial,Local-gov,40
17843,57,Male,Bachelors,Exec-managerial,Local-gov,45
17845,37,Male,Masters,Exec-managerial,Self-emp-inc,70
17851,31,Male,Some-college,Adm-clerical,Private,40
17932,71,Female,HS-grad,Sales,Private,16
17963,32,Male,Some-college,Tech-support,Private,38
17984,53,Female,Bachelors,Adm-clerical,Self-emp-inc,50
18001,36,Male,Bachelors,Exec-managerial,Private,40
18017,26,Male,Bachelors,Transport-moving,Private,20
18032,53,Male,10th,Farming-fishing,Self-emp-not-inc,35
18059,22,Female,Some-college,Adm-clerical,Private,15
181,43,Female,Some-college,Adm-clerical,Private,40
18107,36,Male,HS-grad,Machine-op-inspct,Private,38
18132,31,Male,Prof-school,Prof-specialty,Self-emp-not-inc,60
18150,21,Male,Some-college,Adm-clerical,Private,45
18178,20,Female,HS-grad,Sales,Self-emp-not-inc,30
182,30,Male,Some-college,Craft-repair,Private,45
18204,56,Male,HS-grad,Machine-op-inspct,Private,40
18230,60,Male,HS-grad,Sales,Self-emp-not-inc,70
18239,55,Male,7th-8th,Craft-repair,Private,41
18256,20,Male,Some-college,Handlers-cleaners,Private,20
18268,24,Male,Bachelors,Exec-managerial,Private,45
18269,27,Female,Some-college,Adm-clerical,Private,15
18271,45,Male,HS-grad,Sales,Self-emp-inc,40
18307,33,Male,5th-6th,Handlers-cleaners,Private,40
18344,26,Male,HS-grad,Craft-repair,Private,40
18345,23,Male,HS-grad,Transport-moving,Private,40
18372,18,Male,11th,Handlers-cleaners,Private,40
18397,32,Female,HS-grad,Adm-clerical,Private,40
18417,24,Female,Some-college,Other-service,Private,53
18437,42,Male,Masters,Prof-specialty,Local-gov,55
18442,35,Male,Some-college,Prof-specialty,Private,40
18446,29,Female,Assoc-acdm,Other-service,Local-gov,13
18448,54,Male,10th,Transport-moving,Private,45
18504,32,Female,Some-college,Protective-serv,State-gov,40
18572,58,Male,Bachelors,Sales,Private,40
18589,37,Female,9th,Priv-house-serv,Private,30
18667,31,Female,HS-grad,Farming-fishing,Private,60
18683,37,Female,7th-8th,Machine-op-inspct,Private,25
18698,19,Male,HS-grad,Farming-fishing,Private,40
18712,34,Male,Bachelors,Exec-managerial,Private,50
18723,26,Female,Bachelors,Prof-specialty,Private,40
18735,69,Male,HS-grad,Exec-managerial,Local-gov,35
18739,53,Male,Some-college,Protective-serv,Federal-gov,60
1876,44,Male,Some-college,Exec-managerial,Private,45
18793,35,Male,HS-grad,Craft-repair,Self-emp-not-inc,40
18827,35,Male,HS-grad,Sales,Private,50
1884,27,Male,Some-college,Exec-managerial,Local-gov,40
18856,37,Male,11th,Transport-moving,Private,65
18877,18,Female,12th,Sales,Private,20
18884,27,Male,Bachelors,Other-service,Private,40
18886,54,Male,HS-grad,Sales,Private,44
18895,35,Female,HS-grad,Other-service,Private,40
18912,24,Female,HS-grad,?,?,40
18960,45,Male,Bachelors,Sales,Self-emp-not-inc,45
18969,37,Female,HS-grad,Sales,Private,40
18979,44,Male,HS-grad,Craft-repair,Private,40
18980,53,Male,HS-grad,Sales,Private,48
18994,55,Female,Some-college,Other-service,Private,38
19006,42,Male,HS-grad,Sales,Private,50
19010,20,Male,Some-college,Tech-support,Federal-gov,40
19011,65,Male,5th-6th,Farming-fishing,Self-emp-not-inc,21
19028,61,Male,Some-college,Adm-clerical,Private,40
19038,52,Male,HS-grad,Handlers-cleaners,Private,8
19047,38,Female,10th,Machine-op-inspct,Private,40
19054,56,Female,Bachelors,Prof-specialty,Private,52
1906,45,Female,Masters,Prof-specialty,Local-gov,45
19085,76,Male,Bachelors,Exec-managerial,Private,40
1914,41,Male,Some-college,Craft-repair,Self-emp-not-inc,40
19161,23,Male,HS-grad,Transport-moving,Local-gov,40
19207,46,Female,Some-college,Other-service,State-gov,40
19218,28,Male,Some-college,Tech-support,Private,54
19221,30,Male,Some-college,Protective-serv,Local-gov,40
19237,29,Female,Some-college,Craft-repair,Private,40
19248,23,Male,11th,Handlers-cleaners,Private,50
19257,40,Male,Bachelors,Craft-repair,Self-emp-inc,40
19268,18,Female,HS-grad,Priv-house-serv,Private,10
19284,41,Female,HS-grad,?,?,40
19296,70,Male,HS-grad,Exec-managerial,Self-emp-not-inc,3
19320,28,Female,10th,?,?,38
19326,38,Female,Doctorate,Prof-specialty,State-gov,40
19358,39,Female,HS-grad,Tech-support,Private,50
19368,50,Male,HS-grad,Transport-moving,Self-emp-not-inc,40
19376,34,Female,HS-grad,Other-service,Private,40
19377,28,Female,HS-grad,Machine-op-inspct,Private,40
19384,44,Male,Assoc-voc,Craft-repair,Local-gov,44
19407,23,Female,Bachelors,Other-service,Private,30
19428,41,Female,9th,Priv-house-serv,Private,40
19430,19,Male,HS-grad,Craft-repair,Private,40
19444,30,Male,Some-college,Adm-clerical,Federal-gov,48
19455,23,Male,HS-grad,?,?,12
19457,53,Female,HS-grad,Craft-repair,Private,40
19463,55,Male,HS-grad,Sales,Private,40
1948,29,Male,Bachelors,Prof-specialty,State-gov,25
19504,29,Male,Some-college,Adm-clerical,Federal-gov,40
19558,43,Male,11th,Transport-moving,Private,42
19583,27,Male,Assoc-voc,Protective-serv,Local-gov,56
19594,44,Male,Bachelors,Craft-repair,Self-emp-not-inc,40
19611,39,Female,Some-college,Sales,Private,40
19618,40,Female,Masters,Prof-specialty,Local-gov,40
1964,28,Male,Bachelors,Transport-moving,Private,20
19646,27,Male,HS-grad,Transport-moving,Private,75
19663,51,Male,HS-grad,Craft-repair,Private,40
19696,30,Female,Assoc-acdm,Adm-clerical,Private,25
19704,38,Female,Some-college,Prof-specialty,Private,40
19738,27,Male,Some-college,Machine-op-inspct,Private,40
19781,51,Female,HS-grad,Adm-clerical,Private,40
19799,31,Male,HS-grad,Exec-managerial,Private,40
19813,35,Male,Bachelors,Adm-clerical,Private,40
19818,20,Male,Some-college,Handlers-cleaners,Private,50
19822,29,Male,Assoc-voc,Craft-repair,Private,40
19828,79,Female,7th-8th,Priv-house-serv,Private,30
19846,23,Male,Bachelors,Prof-specialty,Local-gov,24
19868,57,Female,HS-grad,Other-service,Private,40
19888,21,Female,10th,Sales,Private,38
19912,62,Female,Bachelors,Tech-support,Private,7
19922,33,Male,HS-grad,Transport-moving,Private,40
19924,40,Male,11th,Machine-op-inspct,Private,30
19926,27,Male,Prof-school,Prof-specialty,Private,10
19927,55,Male,HS-grad,Adm-clerical,Private,25
19937,61,Male,10th,Transport-moving,Private,40
19975,37,Male,Some-college,Craft-repair,Private,40
19987,45,Male,Assoc-voc,Protective-serv,State-gov,40
19994,33,Female,Bachelors,Prof-specialty,Private,40
20001,36,Male,Bachelors,Exec-managerial,Private,50
20003,72,Female,Assoc-acdm,?,?,40
20017,64,Female,Assoc-voc,?,?,15
20088,48,Male,7th-8th,Craft-repair,Self-emp-inc,50
20109,44,Male,Assoc-voc,Priv-house-serv,Private,25
20148,42,Male,Bachelors,Exec-managerial,Local-gov,40
20170,64,Male,Prof-school,Prof-specialty,Self-emp-not-inc,40
20173,54,Male,Assoc-voc,Craft-repair,Local-gov,40
20189,22,Male,Some-college,Sales,Private,34
20191,33,Female,HS-grad,?,?,38
20283,49,Male,Masters,Sales,State-gov,80
20316,47,Female,HS-grad,Exec-managerial,Local-gov,40
20320,45,Male,HS-grad,Farming-fishing,Private,40
20382,58,Female,HS-grad,Adm-clerical,Private,40
20424,68,Female,Masters,Adm-clerical,Private,20
20427,54,Male,Some-college,Handlers-cleaners,Private,40
20456,36,Male,HS-grad,Farming-fishing,Self-emp-not-inc,65
20458,64,Male,HS-grad,Craft-repair,Self-emp-inc,10
20463,85,Female,HS-grad,Sales,Self-emp-not-inc,50
20465,39,Male,Prof-school,Prof-specialty,Private,67
20546,43,Male,Bachelors,Farming-fishing,Self-emp-not-inc,70
20551,21,Female,Some-college,?,?,40
20555,36,Female,Bachelors,Adm-clerical,Local-gov,35
20563,62,Male,Masters,?,?,2
20568,73,Male,Bachelors,Prof-specialty,Private,40
20646,19,Male,Some-college,?,?,22
20651,56,Male,Assoc-voc,Sales,Self-emp-inc,54
20674,35,Male,HS-grad,Farming-fishing,Private,40
20681,55,Male,Assoc-voc,Adm-clerical,Private,40
20698,33,Female,Bachelors,Other-service,Private,35
20721,22,Male,HS-grad,Adm-clerical,Private,40
20732,41,Male,Some-college,Tech-support,Private,50
20762,31,Male,Some-college,Craft-repair,State-gov,40
20763,25,Male,Bachelors,Craft-repair,Private,40
20794,32,Male,HS-grad,Protective-serv,Local-gov,40
2081,34,Male,Bachelors,Exec-managerial,Private,40
20827,47,Female,11th,Machine-op-inspct,Private,40
20832,53,Female,Bachelors,Exec-managerial,Private,40
20849,76,Female,7th-8th,Priv-house-serv,Private,40
20851,24,Male,Some-college,Handlers-cleaners,Private,40
20854,50,Male,Bachelors,Prof-specialty,Private,40
20872,46,Female,Masters,Prof-specialty,Local-gov,43
20888,37,Male,Bachelors,Adm-clerical,Local-gov,40
20912,42,Male,Some-college,Machine-op-inspct,Private,40
20924,30,Male,Prof-school,Other-service,Private,35
20931,58,Male,HS-grad,Exec-managerial,Private,45
20932,30,Male,HS-grad,Craft-repair,Private,50
21021,28,Female,HS-grad,Adm-clerical,Local-gov,40
21042,27,Female,Bachelors,Prof-specialty,Private,40
2106,42,Male,HS-grad,Craft-repair,Private,40
21070,20,Male,Some-college,Adm-clerical,Private,14
21100,24,Female,Bachelors,Prof-specialty,Private,20
21119,53,Male,HS-grad,Tech-support,Federal-gov,40
21136,61,Female,HS-grad,Exec-managerial,Private,40
21138,28,Male,Some-college,Craft-repair,Private,45
21153,46,Female,Some-college,Sales,Private,40
21164,43,Male,Some-college,Transport-moving,Local-gov,17
2117,45,Female,Masters,Prof-specialty,Local-gov,30
21202,22,Female,Some-college,Machine-op-inspct,Private,35
21339,30,Male,HS-grad,Sales,Private,40
21354,46,Male,Some-college,Craft-repair,Private,40
21368,41,Male,Some-college,Prof-specialty,Private,52
21391,37,Male,HS-grad,Machine-op-inspct,Private,40
214,54,Male,7th-8th,Machine-op-inspct,Self-emp-inc,40
21427,54,Male,HS-grad,Adm-clerical,Private,40
21443,31,Male,HS-grad,Craft-repair,Private,40
2147,58,Male,HS-grad,Machine-op-inspct,Private,40
21474,49,Male,HS-grad,Farming-fishing,Self-emp-not-inc,55
21505,46,Male,Bachelors,Exec-managerial,Local-gov,48
21537,51,Male,HS-grad,?,?,40
21575,39,Male,HS-grad,Machine-op-inspct,Private,43
21589,44,Male,Assoc-voc,Prof-specialty,Private,50
21608,29,Male,Some-college,Other-service,Private,40
21635,27,Male,Assoc-voc,Craft-repair,Self-emp-not-inc,40
21638,45,Male,Bachelors,Sales,Private,55
21686,65,Female,HS-grad,?,?,25
21703,34,Female,11th,Other-service,Private,70
21747,33,Male,Assoc-acdm,Sales,Private,36
21765,22,Male,Some-college,Craft-repair,Private,35
21784,32,Male,HS-grad,Farming-fishing,Private,40
21786,18,Male,7th-8th,Sales,Private,30
21787,20,Male,11th,Craft-repair,Private,60
218,45,Male,Bachelors,Prof-specialty,Private,55
21867,25,Female,Bachelors,Exec-managerial,Self-emp-not-inc,40
21870,49,Female,HS-grad,Farming-fishing,Self-emp-not-inc,28
21875,49,Male,7th-8th,Craft-repair,Private,40
21891,40,Male,Some-college,Prof-specialty,Private,40
2190,50,Male,11th,Transport-moving,Private,70
21988,70,Female,HS-grad,Other-service,Private,28
22,35,Male,9th,Farming-fishing,Federal-gov,40
22013,69,Male,Bachelors,Handlers-cleaners,Private,20
22046,58,Male,HS-grad,Sales,Self-emp-inc,55
22050,43,Male,Masters,Prof-specialty,Private,40
22062,62,Male,Some-college,Machine-op-inspct,Local-gov,40
22088,31,Male,Some-college,Exec-managerial,Private,50
22100,38,Male,HS-grad,Craft-repair,Private,40
22101,21,Female,Some-college,?,?,40
22104,30,Male,Some-college,Sales,Private,30
22111,55,Male,HS-grad,Exec-managerial,Private,60
22115,43,Female,HS-grad,Exec-managerial,Private,40
22116,42,Female,Some-college,Exec-managerial,Private,40
2212,42,Male,HS-grad,Handlers-cleaners,Private,40
22155,29,Female,Assoc-voc,Other-service,Private,45
22214,42,Male,Masters,Prof-specialty,Private,40
2222,20,Female,Some-college,?,?,8
22256,21,Female,Some-college,Prof-specialty,Private,40
22278,27,Female,Some-college,Adm-clerical,Private,44
22290,33,Female,HS-grad,Tech-support,Local-gov,55
22293,45,Male,Bachelors,Farming-fishing,Self-emp-not-inc,70
22302,42,Male,HS-grad,Other-service,Private,40
22467,48,Female,Bachelors,Exec-managerial,Private,50
22486,65,Male,10th,Handlers-cleaners,Private,22
22547,47,Male,Bachelors,Exec-managerial,Private,38
2256,42,Male,Bachelors,Farming-fishing,Self-emp-not-inc,45
22580,55,Male,HS-grad,Transport-moving,Private,72
22626,39,Male,Assoc-voc,Machine-op-inspct,Private,40
22647,36,Male,Bachelors,Sales,Self-emp-inc,60
22662,53,Male,HS-grad,Craft-repair,Private,40
22669,36,Male,HS-grad,Prof-specialty,Private,40
22678,31,Male,Some-college,Exec-managerial,Private,40
22680,35,Male,Some-college,Other-service,Local-gov,40
22686,33,Male,7th-8th,Sales,Private,43
2270,38,Male,HS-grad,Craft-repair,Private,40
22709,21,Male,Some-college,Sales,Private,40
22719,26,Male,Bachelors,Sales,Private,50
22725,23,Female,HS-grad,Adm-clerical,Private,16
22727,26,Female,Bachelors,Sales,Private,40
22740,25,Male,HS-grad,Sales,Private,40
22789,35,Male,Some-college,Transport-moving,Private,40
22798,30,Female,7th-8th,?,?,44
22810,25,Male,HS-grad,Transport-moving,Private,70
22821,29,Male,Bachelors,Prof-specialty,Private,40
22833,32,Male,HS-grad,?,?,24
22840,56,Male,Some-college,Sales,Private,45
22858,37,Female,Bachelors,Prof-specialty,Local-gov,45
22861,36,Male,Some-college,Craft-repair,Private,40
22885,20,Female,Some-college,?,?,25
22894,45,Female,HS-grad,Tech-support,State-gov,40
22900,46,Male,Some-college,Craft-repair,Private,40
22917,21,Female,HS-grad,Sales,Private,36
22941,44,Male,HS-grad,Adm-clerical,Private,45
22948,46,Male,Bachelors,Exec-managerial,Federal-gov,40
22963,27,Female,Some-college,Sales,Private,40
22988,24,Female,Bachelors,Sales,Private,30
23041,34,Male,Some-college,Tech-support,Private,40
23045,34,Male,Some-college,Craft-repair,Private,40
23050,49,Female,Bachelors,Exec-managerial,Self-emp-not-inc,40
23058,43,Male,Bachelors,Exec-managerial,Private,40
23059,39,Female,Some-college,Adm-clerical,Private,40
23093,23,Male,Some-college,Sales,Private,40
23103,48,Female,Masters,Prof-specialty,Local-gov,40
23110,35,Male,Some-college,Craft-repair,Private,45
23125,31,Male,1st-4th,Machine-op-inspct,Private,40
23136,21,Female,Some-college,?,?,30
23166,21,Female,Assoc-acdm,Adm-clerical,Private,10
23187,25,Male,Some-college,Adm-clerical,Private,40
23193,23,Male,Some-college,Tech-support,Private,60
23205,29,Male,HS-grad,Craft-repair,State-gov,40
23213,20,Male,HS-grad,Handlers-cleaners,Private,30
23216,61,Female,12th,Machine-op-inspct,Private,40
23221,21,Male,Some-college,Sales,Private,35
23257,60,Male,HS-grad,Craft-repair,Self-emp-not-inc,30
23262,45,Male,Some-college,Exec-managerial,Private,40
23284,20,Female,Some-college,Adm-clerical,Private,40
23292,19,Male,12th,Other-service,Private,25
23303,58,Male,Masters,Exec-managerial,Private,40
23326,21,Female,Some-college,Sales,Private,25
23327,56,Male,HS-grad,Adm-clerical,State-gov,40
23329,44,Male,12th,Transport-moving,Private,36
23370,31,Male,Assoc-acdm,Exec-managerial,Private,55
23375,45,Male,11th,?,?,40
23381,57,Male,Masters,Exec-managerial,Federal-gov,40
23385,39,Male,Some-college,Transport-moving,State-gov,40
23442,41,Male,HS-grad,Machine-op-inspct,Private,40
23443,42,Female,7th-8th,Other-service,Local-gov,35
23450,45,Female,Some-college,Adm-clerical,Private,48
23453,38,Female,Some-college,Other-service,Private,40
23457,28,Female,Bachelors,Prof-specialty,Local-gov,40
23496,45,Male,HS-grad,Transport-moving,Private,60
23522,26,Male,HS-grad,Other-service,Private,40
2356,22,Male,Some-college,?,?,25
23561,35,Female,HS-grad,Adm-clerical,Private,40
23564,33,Male,HS-grad,Other-service,Self-emp-inc,40
23605,20,Female,Some-college,Prof-specialty,Private,15
2362,36,Male,Some-college,Craft-repair,Private,44
23631,53,Male,Some-college,Adm-clerical,Private,40
23681,56,Male,Some-college,Sales,Private,50
23698,23,Male,Bachelors,Exec-managerial,Private,40
23701,32,Male,Bachelors,Sales,Private,50
23715,25,Male,Assoc-acdm,Prof-specialty,Private,50
23719,44,Male,Some-college,Transport-moving,Private,40
2372,74,Male,9th,?,?,40
23752,36,Male,Masters,Prof-specialty,State-gov,40
23779,30,Male,Some-college,Handlers-cleaners,Private,40
23806,42,Male,Assoc-voc,Exec-managerial,Self-emp-not-inc,50
23811,19,Female,Some-college,Other-service,Local-gov,35
23849,37,Male,Bachelors,Prof-specialty,Private,45
2385,56,Male,Bachelors,Sales,Self-emp-inc,50
23867,32,Male,Some-college,Exec-managerial,Self-emp-inc,55
23915,24,Female,HS-grad,?,?,45
2392,35,Male,Some-college,Handlers-cleaners,Private,40
23934,38,Male,Bachelors,Exec-managerial,Private,55
23955,31,Male,HS-grad,Craft-repair,Private,48
23973,37,Male,11th,Craft-repair,Private,40
23991,62,Male,Assoc-voc,Other-service,Private,40
23993,28,Female,Bachelors,Prof-specialty,Local-gov,60
23996,42,Female,HS-grad,Other-service,Private,25
24041,59,Male,Some-college,Prof-specialty,Private,40
2407,42,Female,11th,Other-service,Private,40
24084,60,Male,Bachelors,?,?,40
24117,28,Male,HS-grad,Transport-moving,Private,60
24152,21,Male,10th,Other-service,Private,40
24160,41,Male,Masters,Exec-managerial,Self-emp-inc,60
24163,47,Male,Bachelors,Exec-managerial,Private,40
24178,36,Male,Bachelors,Prof-specialty,Federal-gov,40
2418,35,Male,HS-grad,Sales,Private,40
24183,49,Female,Bachelors,?,?,40
24193,32,Male,Bachelors,Prof-specialty,Private,40
24206,43,Female,HS-grad,Other-service,Private,35
24230,51,Male,Masters,Prof-specialty,Local-gov,40
24250,37,Male,Bachelors,Exec-managerial,Private,60
24257,53,Male,Assoc-voc,Tech-support,Private,40
24264,58,Female,9th,Other-service,Local-gov,40
24269,28,Male,10th,Transport-moving,Private,30
24299,39,Female,Bachelors,?,?,6
24307,42,Female,HS-grad,Adm-clerical,Private,40
24320,49,Male,HS-grad,Exec-managerial,Self-emp-inc,60
24343,55,Male,HS-grad,Other-service,Private,40
24344,42,Female,HS-grad,Adm-clerical,Private,40
2437,39,Male,HS-grad,Other-service,State-gov,40
24383,35,Male,11th,Craft-repair,Private,40
24392,32,Male,HS-grad,Other-service,Private,60
24410,38,Female,HS-grad,Other-service,Private,24
24440,52,Male,HS-grad,Tech-support,Local-gov,36
24453,40,Male,Bachelors,Exec-managerial,Self-emp-inc,45
24538,32,Male,Bachelors,Protective-serv,Private,30
2457,39,Male,HS-grad,Craft-repair,Private,40
24617,36,Male,HS-grad,Transport-moving,Local-gov,40
24638,49,Male,HS-grad,Sales,Private,65
24645,28,Male,HS-grad,Craft-repair,Private,40
2468,42,Male,Bachelors,Sales,Private,40
24710,31,Female,Some-college,Adm-clerical,Private,40
24729,37,Male,HS-grad,Craft-repair,Private,45
24739,17,Male,11th,Handlers-cleaners,Private,20
24786,46,Male,HS-grad,Craft-repair,Private,30
2480,41,Male,Some-college,Sales,Private,50
24838,31,Male,HS-grad,Handlers-cleaners,Private,40
24899,51,Female,HS-grad,Craft-repair,Private,45
24907,28,Female,Bachelors,Prof-specialty,Private,40
24910,55,Female,Some-college,Adm-clerical,Local-gov,35
24935,22,Male,HS-grad,Farming-fishing,Private,40
24951,19,Male,9th,Farming-fishing,Private,16
24952,24,Male,7th-8th,Machine-op-inspct,Private,40
24994,52,Male,HS-grad,Craft-repair,Private,40
24997,33,Female,HS-grad,Craft-repair,Private,42
25005,19,Male,HS-grad,Handlers-cleaners,Private,35
25012,53,Male,Masters,Exec-managerial,Private,45
2502,60,Female,5th-6th,Machine-op-inspct,Private,40
25027,42,Male,Assoc-acdm,Sales,Private,40
25042,38,Male,Bachelors,Exec-managerial,Private,40
25044,18,Male,Some-college,?,?,40
25051,44,Male,Bachelors,Prof-specialty,Private,40
25075,33,Female,Some-college,Tech-support,Private,50
25080,35,Male,Assoc-voc,Sales,Private,40
25084,29,Male,10th,Craft-repair,Self-emp-not-inc,35
25093,27,Male,Some-college,Craft-repair,Private,45
25102,51,Male,12th,Transport-moving,Private,40
25139,50,Male,Assoc-voc,Tech-support,Private,38
25159,30,Male,7th-8th,Transport-moving,Private,35
25161,75,Male,HS-grad,Sales,Private,20
25163,79,Male,Masters,?,?,40
25169,19,Male,Some-college,Other-service,Private,20
25172,47,Male,Some-college,Craft-repair,Self-emp-not-inc,40
25210,29,Male,Masters,Prof-specialty,Private,42
2523,52,Female,Assoc-voc,Other-service,Private,35
2538,47,Male,HS-grad,Machine-op-inspct,Private,50
25383,36,Female,Assoc-voc,Protective-serv,Local-gov,60
25394,36,Male,Assoc-acdm,Tech-support,Private,40
25397,80,Male,HS-grad,?,?,25
25416,53,Male,HS-grad,Craft-repair,Private,40
2543,54,Male,HS-grad,Machine-op-inspct,Private,40
25432,48,Male,Bachelors,Prof-specialty,Local-gov,40
25460,34,Male,HS-grad,Craft-repair,Private,48
25474,23,Male,Assoc-acdm,Handlers-cleaners,Private,32
25486,22,Male,Some-college,Other-service,Private,15
25489,29,Female,HS-grad,Other-service,Private,25
25508,34,Male,Some-college,Craft-repair,Private,40
25540,39,Female,Masters,Prof-specialty,Private,24
25617,41,Female,Masters,Prof-specialty,Local-gov,60
25654,33,Female,Bachelors,Adm-clerical,Private,45
25666,37,Male,Some-college,Machine-op-inspct,Private,40
25670,29,Male,HS-grad,Machine-op-inspct,Private,40
25675,27,Male,Assoc-voc,Handlers-cleaners,Private,40
257,32,Female,HS-grad,Other-service,Private,30
25700,27,Female,Prof-school,Prof-specialty,Private,40
25737,35,Female,Bachelors,Exec-managerial,Self-emp-not-inc,55
2575,19,Female,10th,Sales,Private,40
25750,53,Male,Assoc-voc,Tech-support,Private,40
25783,19,Female,Some-college,Adm-clerical,Private,30
25839,53,Male,Some-college,Farming-fishing,Federal-gov,40
25878,45,Male,Masters,Craft-repair,Self-emp-not-inc,40
25896,42,Male,Some-college,Farming-fishing,Private,40
25945,39,Female,Masters,Prof-specialty,Local-gov,55
25954,30,Male,HS-grad,Transport-moving,Private,45
25976,63,Male,Doctorate,?,?,12
25990,31,Female,Assoc-acdm,Prof-specialty,Private,40
2600,32,Male,Bachelors,Adm-clerical,Private,55
26038,65,Male,Masters,Prof-specialty,Private,50
2604,18,Male,10th,Handlers-cleaners,Private,27
26062,23,Female,Some-college,Other-service,Private,40
26096,39,Male,Bachelors,Exec-managerial,Private,50
26109,41,Male,Assoc-voc,Craft-repair,Private,30
26112,20,Male,HS-grad,Other-service,Private,50
2612,31,Male,HS-grad,Sales,State-gov,40
26137,20,Female,Some-college,?,?,40
26138,51,Female,Prof-school,Prof-specialty,Local-gov,40
2614,41,Male,Bachelors,Exec-managerial,Private,40
26155,64,Male,Doctorate,Prof-specialty,Private,80
26158,22,Male,Some-college,Craft-repair,Private,30
26184,18,Male,11th,Handlers-cleaners,Private,18
26218,38,Male,HS-grad,Craft-repair,Private,40
26239,27,Male,HS-grad,Protective-serv,Local-gov,38
26267,37,Female,5th-6th,Other-service,Private,40
2627,34,Male,Assoc-voc,Craft-repair,Private,40
26272,19,Male,9th,Craft-repair,Private,60
26282,18,Female,Some-college,Other-service,Private,12
26284,37,Female,HS-grad,Adm-clerical,Private,40
26374,27,Male,Assoc-voc,Prof-specialty,Self-emp-not-inc,30
26383,51,Female,HS-grad,Sales,Self-emp-not-inc,44
26387,43,Male,HS-grad,Craft-repair,Self-emp-not-inc,60
26413,23,Male,Some-college,Craft-repair,Private,40
26473,34,Male,Some-college,Craft-repair,Self-emp-not-inc,40
26514,27,Male,Some-college,Tech-support,Private,40
26519,31,Male,Bachelors,Exec-managerial,Private,40
26520,33,Male,Some-college,Craft-repair,State-gov,4
26551,51,Female,Masters,Prof-specialty,Local-gov,70
26579,49,Female,Assoc-voc,Adm-clerical,State-gov,44
26582,20,Male,HS-grad,Adm-clerical,Private,20
26599,19,Female,Some-college,?,?,40
26623,26,Male,Some-college,Exec-managerial,Private,50
26632,32,Female,Prof-school,Sales,Private,50
26634,53,Female,HS-grad,Priv-house-serv,Private,20
26642,36,Male,HS-grad,Exec-managerial,Private,40
26646,48,Male,Some-college,Tech-support,Private,40
26652,31,Male,Assoc-acdm,Craft-repair,Federal-gov,40
26654,55,Male,Masters,Exec-managerial,Local-gov,55
26676,29,Female,10th,Adm-clerical,Private,40
26677,60,Male,Some-college,Machine-op-inspct,Private,50
26680,32,Female,Some-college,Sales,Private,30
26707,53,Male,Some-college,Transport-moving,Private,40
26729,51,Male,Assoc-acdm,Sales,Private,45
26807,17,Male,9th,Machine-op-inspct,Private,20
26809,36,Female,Assoc-acdm,Adm-clerical,Local-gov,40
26828,39,Male,Assoc-acdm,Craft-repair,Private,40
26830,53,Male,HS-grad,Exec-managerial,Private,40
26832,51,Female,Some-college,Tech-support,Private,40
26837,37,Male,Some-college,Adm-clerical,Federal-gov,40
26853,46,Male,HS-grad,Craft-repair,Private,40
26862,48,Male,Bachelors,Exec-managerial,Self-emp-not-inc,40
26905,30,Male,HS-grad,Prof-specialty,Private,35
2693,24,Male,Bachelors,Exec-managerial,Private,40
26935,48,Female,11th,Other-service,Private,31
26941,45,Male,Some-college,Exec-managerial,Private,40
26976,19,Female,HS-grad,Machine-op-inspct,Private,40
26983,36,Male,Bachelors,Exec-managerial,Self-emp-not-inc,50
270,61,Male,HS-grad,Exec-managerial,Private,40
27024,61,Female,7th-8th,Machine-op-inspct,Private,40
27033,36,Female,Bachelors,Sales,Private,50
27034,37,Male,Bachelors,Transport-moving,Private,46
27037,37,Male,HS-grad,Craft-repair,Private,60
27061,45,Male,Some-college,Handlers-cleaners,Private,30
27097,31,Female,Assoc-voc,Tech-support,Private,32
27133,55,Female,Bachelors,Other-service,Federal-gov,72
27135,61,Female,HS-grad,Adm-clerical,Private,40
27174,33,Male,HS-grad,Craft-repair,Self-emp-not-inc,40
27181,35,Male,Some-college,Craft-repair,Local-gov,40
27195,58,Male,Some-college,Farming-fishing,Self-emp-not-inc,60
27210,37,Male,HS-grad,Exec-managerial,Private,40
27221,48,Male,Bachelors,Exec-managerial,Self-emp-not-inc,50
27230,59,Male,7th-8th,Craft-repair,Self-emp-not-inc,20
27247,59,Male,Masters,Exec-managerial,State-gov,50
27261,27,Female,HS-grad,Protective-serv,Local-gov,40
27269,26,Male,HS-grad,Farming-fishing,Self-emp-not-inc,60
27277,33,Male,Bachelors,Machine-op-inspct,Private,40
27281,39,Male,HS-grad,Exec-managerial,Self-emp-not-inc,16
2733,49,Female,Some-college,Exec-managerial,Self-emp-inc,32
27362,35,Male,HS-grad,Craft-repair,Private,40
2737,58,Female,HS-grad,Sales,Private,40
27397,32,Female,Bachelors,Prof-specialty,Local-gov,35
27406,31,Male,HS-grad,Protective-serv,Local-gov,40
27435,57,Male,Some-college,Exec-managerial,Federal-gov,40
27483,36,Male,HS-grad,Other-service,Private,40
27486,22,Female,HS-grad,Other-service,Private,19
27491,21,Female,Some-college,Adm-clerical,Local-gov,4
27532,28,Female,Bachelors,Sales,Private,45
27534,35,Male,HS-grad,Handlers-cleaners,Private,40
27555,19,Male,11th,Other-service,Private,40
27600,39,Male,Masters,Exec-managerial,Private,50
27602,75,Male,HS-grad,Sales,Self-emp-inc,35
27622,44,Male,Masters,Exec-managerial,Private,40
27635,44,Male,Bachelors,Exec-managerial,Self-emp-inc,70
27642,73,Male,Bachelors,?,?,5
27644,56,Male,Masters,Exec-managerial,Local-gov,40
27662,51,Male,HS-grad,Exec-managerial,Self-emp-inc,40
27670,61,Male,Masters,Prof-specialty,Private,45
27736,44,Female,Some-college,Adm-clerical,Private,45
27745,36,Male,HS-grad,Farming-fishing,Self-emp-not-inc,35
27777,21,Female,Some-college,Other-service,Private,40
27784,28,Female,Bachelors,Adm-clerical,Private,15
27898,39,Female,Some-college,?,?,20
27909,27,Male,HS-grad,Transport-moving,Private,40
27918,59,Male,10th,Transport-moving,Private,50
27926,55,Male,HS-grad,Tech-support,Federal-gov,40
27978,55,Male,Some-college,Transport-moving,Private,6
27994,42,Male,Masters,Exec-managerial,Self-emp-not-inc,50
28024,31,Female,Some-college,Sales,Private,40
28060,25,Male,HS-grad,Sales,Private,50
28079,39,Female,HS-grad,Other-service,State-gov,40
28116,44,Male,HS-grad,Sales,Private,40
28119,31,Female,Prof-school,Tech-support,Private,35
28158,23,Female,HS-grad,Machine-op-inspct,Private,16
28179,21,Male,Some-college,Other-service,Private,50
28208,64,Male,HS-grad,Exec-managerial,Self-emp-inc,40
28216,47,Male,12th,Adm-clerical,Local-gov,35
28273,28,Female,HS-grad,Exec-managerial,Federal-gov,70
28277,20,Male,HS-grad,Handlers-cleaners,Private,40
28292,54,Male,Masters,Other-service,Private,40
28295,44,Female,HS-grad,Machine-op-inspct,Private,45
28305,38,Male,HS-grad,Machine-op-inspct,Private,40
28306,41,Male,HS-grad,Adm-clerical,Private,45
2831,39,Male,Some-college,Exec-managerial,Private,48
28338,47,Female,Masters,Prof-specialty,Private,40
28372,57,Male,Bachelors,Sales,Private,40
28386,33,Female,Bachelors,Prof-specialty,Local-gov,46
28409,28,Female,HS-grad,Sales,Private,40
28431,43,Female,Some-college,Exec-managerial,State-gov,38
2844,37,Male,HS-grad,Sales,Self-emp-inc,60
28487,45,Male,Assoc-acdm,Craft-repair,Private,66
28505,39,Male,Some-college,Adm-clerical,State-gov,40
28508,35,Male,Bachelors,Sales,Private,40
28529,19,Male,HS-grad,Sales,Private,35
28545,36,Male,HS-grad,Transport-moving,Private,70
28555,59,Female,Some-college,Prof-specialty,Private,48
28556,34,Male,Some-college,Craft-repair,Private,45
28564,65,Male,5th-6th,Other-service,Private,40
28571,45,Male,Assoc-acdm,Handlers-cleaners,Local-gov,40
28583,52,Male,Some-college,Craft-repair,Private,40
28587,44,Male,Some-college,Handlers-cleaners,Private,40
28595,35,Male,HS-grad,Exec-managerial,Private,35
28612,37,Female,Some-college,Adm-clerical,Private,37
28667,18,Male,11th,Other-service,Private,20
28669,57,Male,Doctorate,Tech-support,Private,40
28690,36,Female,Masters,Prof-specialty,Private,44
28727,30,Male,HS-grad,Transport-moving,Private,40
28734,41,Male,Assoc-acdm,Craft-repair,Local-gov,50
28787,18,Male,Some-college,Adm-clerical,Private,40
28791,64,Female,HS-grad,Adm-clerical,Local-gov,40
2880,31,Male,HS-grad,Handlers-cleaners,Private,40
28802,20,Female,HS-grad,?,?,30
28838,55,Male,HS-grad,Craft-repair,Self-emp-not-inc,60
28856,32,Female,Some-college,Other-service,Private,38
28866,43,Male,Bachelors,Prof-specialty,State-gov,37
28877,43,Male,Bachelors,Exec-managerial,Private,45
28905,32,Female,Some-college,Machine-op-inspct,Private,40
28912,57,Male,Bachelors,Exec-managerial,Private,40
28926,31,Male,Some-college,Sales,Private,45
28943,23,Female,Some-college,?,?,15
28957,21,Female,Some-college,?,?,35
28964,29,Female,HS-grad,Machine-op-inspct,Private,40
28966,39,Male,Some-college,Adm-clerical,Federal-gov,40
2898,29,Male,Masters,Prof-specialty,Local-gov,40
29007,75,Male,Masters,Protective-serv,Private,16
29008,41,Female,Masters,Exec-managerial,Private,60
29113,44,Male,Bachelors,Machine-op-inspct,Private,40
29141,53,Male,9th,Machine-op-inspct,Private,40
29216,28,Male,Some-college,Handlers-cleaners,Private,40
29228,50,Male,Some-college,Craft-repair,Private,48
29267,42,Male,HS-grad,Transport-moving,Self-emp-not-inc,40
29278,64,Male,Some-college,Other-service,Private,40
29358,35,Female,Some-college,Exec-managerial,Private,40
29399,21,Male,Some-college,Sales,Private,40
29409,39,Male,Assoc-acdm,Exec-managerial,Private,50
2942,24,Male,HS-grad,Craft-repair,Private,40
29449,22,Female,Some-college,Adm-clerical,Private,20
29462,42,Male,7th-8th,Craft-repair,Local-gov,40
29467,30,Male,Bachelors,Sales,Private,45
29471,37,Male,Prof-school,Prof-specialty,Self-emp-not-inc,50
29510,46,Male,Some-college,Transport-moving,Private,40
29511,29,Male,Some-college,Craft-repair,Private,45
29523,50,Male,Doctorate,Prof-specialty,Private,37
29527,29,Female,10th,?,?,12
29548,50,Male,Some-college,Tech-support,Private,45
2960,23,Male,Bachelors,Prof-specialty,Private,50
29614,25,Female,Masters,?,?,35
29633,30,Male,Assoc-voc,Adm-clerical,Private,40
29641,46,Female,Assoc-acdm,Prof-specialty,Private,36
29655,48,Male,Bachelors,Exec-managerial,Self-emp-inc,50
29667,58,Male,7th-8th,Machine-op-inspct,Private,50
29668,58,Male,Some-college,Sales,Private,45
297,39,Female,Masters,?,?,40
29731,21,Female,Some-college,Adm-clerical,Private,35
2977,61,Male,Some-college,Sales,Private,44
29776,54,Male,Bachelors,Craft-repair,Self-emp-not-inc,50
29778,50,Male,HS-grad,Handlers-cleaners,Private,40
29818,24,Female,HS-grad,Other-service,Private,40
29836,60,Female,Bachelors,Prof-specialty,Local-gov,55
29866,22,Female,Some-college,Craft-repair,Private,35
29872,54,Male,HS-grad,Sales,Private,50
29893,20,Male,HS-grad,Craft-repair,Private,30
299,38,Male,HS-grad,Sales,Private,80
29939,66,Male,7th-8th,Exec-managerial,Self-emp-inc,50
29945,37,Male,HS-grad,Craft-repair,Federal-gov,40
29957,35,Male,Bachelors,Craft-repair,Self-emp-not-inc,45
29997,61,Male,Some-college,Adm-clerical,Local-gov,35
3,53,Male,11th,Handlers-cleaners,Private,40
30037,30,Male,HS-grad,Craft-repair,Self-emp-not-inc,40
30038,28,Male,Assoc-acdm,Adm-clerical,Private,32
30050,19,Male,Some-college,Other-service,Private,25
30061,33,Female,11th,?,?,40
30065,36,Male,Some-college,Craft-repair,Private,50
30104,55,Male,Bachelors,Exec-managerial,Private,40
30132,25,Female,Some-college,Adm-clerical,Private,40
30136,18,Male,11th,Other-service,Private,20
3014,28,Male,HS-grad,Handlers-cleaners,Private,40
30172,31,Male,HS-grad,Adm-clerical,Private,35
30202,24,Male,HS-grad,Handlers-cleaners,Private,40
30203,45,Male,Some-college,Transport-moving,Private,50
30208,17,Male,10th,?,?,20
30227,52,Female,Some-college,Sales,Private,20
30231,64,Male,Masters,Prof-specialty,Local-gov,25
30290,47,Male,HS-grad,Exec-managerial,Private,40
30296,22,Male,Some-college,Transport-moving,Private,40
30355,21,Female,HS-grad,Adm-clerical,Private,40
30411,29,Male,Some-college,Handlers-cleaners,Private,20
30429,38,Male,Bachelors,Prof-specialty,Private,70
30463,38,Male,Bachelors,Sales,Private,44
30494,27,Female,HS-grad,Other-service,Private,32
30497,39,Female,10th,Other-service,Self-emp-not-inc,15
30547,18,Female,11th,Other-service,Private,15
30564,40,Male,Bachelors,Adm-clerical,Private,50
30580,39,Male,9th,Craft-repair,Private,40
30591,21,Female,HS-grad,Sales,Private,38
30607,35,Male,Some-college,Craft-repair,Private,40
30611,32,Female,11th,Other-service,Private,40
3064,41,Male,HS-grad,Prof-specialty,Private,40
30656,24,Female,Some-college,Other-service,Private,40
30671,57,Male,HS-grad,Transport-moving,Private,45
30693,70,Male,HS-grad,?,?,28
30701,53,Male,11th,Machine-op-inspct,Private,48
30707,27,Female,HS-grad,?,?,15
30720,52,Male,HS-grad,Craft-repair,Private,40
30738,28,Male,Bachelors,Prof-specialty,State-gov,20
30770,24,Female,Some-college,Adm-clerical,Private,40
30782,28,Female,10th,Other-service,Federal-gov,40
30795,34,Male,HS-grad,Craft-repair,Private,45
30813,28,Female,Assoc-acdm,Adm-clerical,Local-gov,40
30819,18,Male,11th,Handlers-cleaners,Private,24
30831,36,Female,Prof-school,Prof-specialty,State-gov,50
30850,37,Male,HS-grad,Craft-repair,Local-gov,40
30878,39,Female,Bachelors,Adm-clerical,Private,40
30958,18,Female,11th,Sales,Private,20
30976,48,Female,Assoc-acdm,Adm-clerical,Private,40
30991,34,Male,5th-6th,Farming-fishing,Private,40
310,26,Male,Bachelors,Sales,Private,40
31009,31,Male,Some-college,Craft-repair,Private,40
31029,31,Male,Some-college,Other-service,Private,30
31036,22,Female,Some-college,?,?,40
31052,20,Male,Masters,Exec-managerial,Private,25
31053,44,Female,Masters,Exec-managerial,Private,20
31058,22,Male,9th,Other-service,Private,50
31072,39,Male,Some-college,Exec-managerial,Private,60
31096,59,Male,Masters,Prof-specialty,Local-gov,40
311,34,Male,Masters,Exec-managerial,Private,35
31156,20,Male,9th,Handlers-cleaners,Private,28
31178,64,Male,HS-grad,?,?,50
31180,75,Male,Some-college,Sales,Self-emp-inc,40
31202,27,Male,HS-grad,Other-service,Private,40
31219,27,Male,HS-grad,Machine-op-inspct,Private,40
31262,22,Male,HS-grad,Sales,Private,20
31286,37,Male,Bachelors,Craft-repair,Self-emp-inc,60
31302,60,Male,Masters,Adm-clerical,Private,50
31307,27,Male,Assoc-voc,?,?,20
31318,22,Female,Some-college,Adm-clerical,Private,30
31325,25,Female,Assoc-acdm,Adm-clerical,Local-gov,38
31334,53,Female,Some-college,Exec-managerial,Private,40
31344,45,Male,Some-college,Other-service,Private,40
31348,60,Male,HS-grad,Sales,Private,40
31362,19,Male,HS-grad,Sales,Private,38
31366,25,Male,Bachelors,Handlers-cleaners,Private,40
31452,55,Female,Masters,Prof-specialty,Local-gov,45
31456,30,Male,Masters,Exec-managerial,Private,50
31471,27,Male,HS-grad,Sales,Private,35
31494,20,Female,Some-college,Sales,Private,25
31497,24,Male,HS-grad,Machine-op-inspct,Private,40
31501,23,Female,HS-grad,Exec-managerial,Private,40
31510,42,Male,Bachelors,Tech-support,Private,50
31523,49,Male,Assoc-voc,Craft-repair,Local-gov,40
31531,28,Female,Masters,Prof-specialty,Local-gov,40
31552,26,Female,HS-grad,Adm-clerical,Private,40
31554,28,Male,Bachelors,Prof-specialty,Private,50
31556,18,Female,12th,Sales,Private,20
31583,29,Male,Some-college,Handlers-cleaners,Private,40
316,77,Male,Some-college,Sales,Self-emp-not-inc,40
31613,36,Male,Some-college,Craft-repair,Private,40
31629,57,Male,HS-grad,Farming-fishing,Self-emp-not-inc,40
31648,39,Male,Some-college,Machine-op-inspct,Private,40
31677,43,Male,HS-grad,Adm-clerical,Private,40
31678,61,Female,HS-grad,Adm-clerical,Federal-gov,20
3169,41,Male,HS-grad,Transport-moving,Private,35
31692,48,Female,Some-college,Other-service,Private,40
31710,64,Male,Some-college,?,?,4
31776,64,Female,HS-grad,Sales,Private,50
31778,36,Male,Bachelors,Handlers-cleaners,Private,30
31797,36,Male,Some-college,Machine-op-inspct,Private,48
31806,63,Female,HS-grad,Other-service,Private,40
31817,49,Male,Bachelors,Transport-moving,Private,30
31831,43,Male,HS-grad,Exec-managerial,Local-gov,40
31859,24,Male,HS-grad,Sales,Private,45
31866,34,Male,HS-grad,Machine-op-inspct,Private,40
3187,40,Female,Bachelors,Other-service,Private,40
31870,44,Male,HS-grad,Craft-repair,Private,40
3189,43,Male,Some-college,Machine-op-inspct,Self-emp-inc,50
31907,48,Male,Masters,Prof-specialty,Private,40
31926,29,Male,Assoc-voc,Craft-repair,Private,50
31927,60,Male,11th,Craft-repair,Private,40
31949,47,Male,Bachelors,Prof-specialty,Federal-gov,50
31950,35,Male,Bachelors,Exec-managerial,Private,40
31953,37,Female,Bachelors,Exec-managerial,Private,40
31973,23,Female,Some-college,Sales,Private,20
32,45,Male,Bachelors,Exec-managerial,Private,40
3204,50,Male,Bachelors,Sales,Self-emp-inc,65
32058,60,Female,Some-college,Protective-serv,Private,40
32074,30,Female,Assoc-voc,Tech-support,Private,35
321,43,Male,Some-college,Craft-repair,Private,50
32123,44,Male,Some-college,Adm-clerical,Federal-gov,50
32160,23,Female,Some-college,Adm-clerical,Private,20
32186,52,Male,HS-grad,Prof-specialty,Self-emp-not-inc,50
32191,23,Male,Some-college,Protective-serv,Local-gov,40
32193,68,Male,10th,Transport-moving,Private,20
32197,22,Female,Some-college,Adm-clerical,State-gov,20
32226,56,Female,HS-grad,Adm-clerical,Private,40
32258,51,Male,Prof-school,Prof-specialty,Self-emp-inc,60
32264,32,Male,11th,Craft-repair,Private,30
32292,41,Male,Some-college,Transport-moving,Private,48
32306,24,Male,1st-4th,Handlers-cleaners,Private,40
32307,42,Male,Bachelors,Exec-managerial,Self-emp-inc,60
32332,26,Male,HS-grad,Craft-repair,Private,72
32342,26,Male,Some-college,Machine-op-inspct,Private,40
3235,36,Male,7th-8th,Craft-repair,Self-emp-not-inc,35
32362,63,Male,HS-grad,Craft-repair,Private,40
32372,51,Male,Some-college,Exec-managerial,Private,60
32410,29,Female,HS-grad,Sales,Private,25
32423,61,Female,11th,Handlers-cleaners,Private,30
32426,20,Male,HS-grad,?,?,40
32428,39,Female,Bachelors,Adm-clerical,Federal-gov,40
32482,32,Male,Some-college,Prof-specialty,Private,40
3249,38,Male,Bachelors,Exec-managerial,Private,50
32494,82,Male,HS-grad,?,?,3
32497,34,Female,HS-grad,Other-service,Private,28
32506,38,Male,Assoc-voc,Craft-repair,Private,55
32534,37,Female,Some-college,Adm-clerical,Private,39
32542,72,Male,HS-grad,?,?,25
3262,38,Male,HS-grad,Transport-moving,Self-emp-not-inc,40
3287,34,Male,Some-college,Farming-fishing,Self-emp-inc,72
3302,61,Male,HS-grad,Adm-clerical,Private,3
3309,39,Male,Assoc-acdm,Adm-clerical,Private,40
3310,36,Female,Some-college,Sales,Private,35
3320,46,Female,Some-college,Adm-clerical,Private,40
3363,36,Male,Some-college,Exec-managerial,Private,40
3376,35,Male,10th,Transport-moving,Self-emp-not-inc,50
3399,53,Male,HS-grad,Transport-moving,Private,60
3405,47,Male,Some-college,Exec-managerial,Local-gov,40
3433,37,Male,HS-grad,Sales,Private,45
3466,39,Male,Masters,Exec-managerial,Private,55
3475,34,Male,Some-college,Exec-managerial,Private,50
3490,69,Male,9th,Other-service,Private,35
3499,26,Male,Masters,Prof-specialty,Private,40
35,48,Male,11th,Machine-op-inspct,Private,40
351,26,Male,HS-grad,Other-service,Private,40
3519,55,Female,HS-grad,Other-service,Private,40
3523,52,Male,Some-college,Exec-managerial,Private,45
3554,23,Female,Assoc-voc,Sales,Private,60
3555,17,Female,11th,?,?,20
3561,47,Male,HS-grad,Farming-fishing,Self-emp-inc,40
3570,35,Male,7th-8th,Machine-op-inspct,Private,40
3588,74,Female,Some-college,?,?,12
3589,31,Female,Some-college,Exec-managerial,Local-gov,32
3603,61,Male,7th-8th,Transport-moving,Private,40
3623,31,Male,9th,Machine-op-inspct,Private,40
3626,44,Female,HS-grad,Adm-clerical,Private,38
3628,22,Female,Bachelors,Exec-managerial,Private,20
366,56,Male,Some-college,Sales,Self-emp-not-inc,45
3706,22,Male,Some-college,Other-service,Private,20
371,17,Male,11th,Other-service,Private,10
3778,63,Male,Some-college,Protective-serv,Private,40
3784,49,Male,HS-grad,Craft-repair,Private,43
382,25,Male,Some-college,Craft-repair,Private,40
3872,38,Male,HS-grad,Machine-op-inspct,Private,45
3896,57,Female,Some-college,Prof-specialty,State-gov,40
39,48,Male,Assoc-acdm,Prof-specialty,Self-emp-not-inc,40
3917,19,Male,Some-college,Other-service,Private,14
3983,64,Male,10th,Exec-managerial,State-gov,40
3996,54,Female,HS-grad,Other-service,State-gov,38
4041,44,Female,HS-grad,Adm-clerical,Federal-gov,40
4070,90,Male,11th,Handlers-cleaners,Private,40
4075,35,Male,Bachelors,Exec-managerial,Private,45
4076,39,Female,HS-grad,Craft-repair,Self-emp-not-inc,20
4078,19,Male,Some-college,Tech-support,Private,16
4081,27,Female,HS-grad,Handlers-cleaners,Private,40
4082,52,Male,7th-8th,Craft-repair,Private,40
4107,52,Male,Preschool,Other-service,Private,40
4125,65,Male,HS-grad,Transport-moving,Local-gov,20
4136,44,Male,Bachelors,Exec-managerial,Private,50
4154,33,Male,Doctorate,Prof-specialty,Private,55
417,30,Female,11th,Other-service,Private,19
4174,17,Female,11th,?,?,18
4195,21,Male,HS-grad,Craft-repair,Private,40
4215,53,Female,Masters,?,?,35
4237,29,Male,Masters,Transport-moving,Private,40
4249,68,Male,Bachelors,Sales,Private,30
4298,25,Female,HS-grad,Other-service,Private,35
4320,26,Male,Some-college,Craft-repair,Private,40
4342,18,Female,Some-college,Sales,Private,20
4345,56,Male,HS-grad,Exec-managerial,Self-emp-not-inc,35
4401,48,Female,Some-college,Exec-managerial,Local-gov,40
4417,40,Male,HS-grad,Adm-clerical,Self-emp-inc,50
442,24,Male,HS-grad,Armed-Forces,Federal-gov,40
4432,40,Male,Assoc-acdm,Exec-managerial,Self-emp-not-inc,30
4471,46,Male,HS-grad,Adm-clerical,Private,40
4480,30,Male,Bachelors,Sales,Private,40
4493,25,Female,11th,Sales,Private,40
450,19,Female,HS-grad,Machine-op-inspct,Private,40
455,40,Male,Assoc-voc,Machine-op-inspct,Private,40
4553,22,Male,12th,?,?,40
46,53,Male,HS-grad,Machine-op-inspct,Private,38
4605,22,Female,HS-grad,Sales,Private,40
4619,25,Male,Some-college,Protective-serv,State-gov,45
4642,21,Male,7th-8th,Other-service,Private,48
4651,36,Male,HS-grad,Exec-managerial,Private,45
4691,56,Male,Bachelors,Adm-clerical,Private,30
4705,40,Female,HS-grad,Machine-op-inspct,Private,48
4709,38,Male,Bachelors,Prof-specialty,Private,50
4710,26,Male,Some-college,Craft-repair,Private,43
4713,32,Male,HS-grad,Craft-repair,Federal-gov,40
4741,31,Female,Doctorate,Prof-specialty,Private,28
4750,65,Male,Some-college,Sales,Self-emp-inc,35
4758,31,Male,HS-grad,Craft-repair,Private,40
4793,58,Male,HS-grad,Handlers-cleaners,Private,20
4848,31,Female,Bachelors,Exec-managerial,Private,70
4857,57,Male,Bachelors,Exec-managerial,Self-emp-inc,20
4873,35,Male,Bachelors,Sales,Private,45
489,38,Male,Bachelors,Sales,Private,60
4891,21,Female,Some-college,Other-service,Private,35
4897,36,Male,Bachelors,Prof-specialty,Private,50
49,29,Male,Assoc-voc,Prof-specialty,Private,43
4900,33,Male,HS-grad,Craft-repair,Private,40
4934,25,Male,HS-grad,Handlers-cleaners,Private,40
4945,38,Male,Some-college,Prof-specialty,Local-gov,44
4957,25,Female,Masters,Other-service,Private,40
4964,45,Male,Some-college,Transport-moving,Self-emp-not-inc,45
4972,30,Male,Doctorate,Prof-specialty,Private,40
4973,37,Male,10th,Farming-fishing,Private,35
4979,34,Male,HS-grad,Handlers-cleaners,Private,40
4990,33,Male,Assoc-acdm,Sales,Self-emp-not-inc,60
5027,33,Female,Some-college,Exec-managerial,Federal-gov,40
509,39,Female,HS-grad,Other-service,Private,40
5129,60,Male,Masters,Exec-managerial,Self-emp-not-inc,40
5130,40,Male,10th,Craft-repair,Private,50
5158,47,Male,Masters,Exec-managerial,Private,40
5159,27,Male,Some-college,Craft-repair,Private,49
5206,22,Male,Some-college,Other-service,Private,25
5221,18,Male,12th,Adm-clerical,Private,12
5229,24,Male,Some-college,Handlers-cleaners,Private,30
5242,35,Male,Some-college,Exec-managerial,State-gov,80
5251,36,Female,Masters,Prof-specialty,Local-gov,40
5260,21,Female,Some-college,Adm-clerical,Private,15
527,74,Female,Some-college,Adm-clerical,Private,9
5298,33,Female,HS-grad,Adm-clerical,Private,25
5315,32,Male,HS-grad,Craft-repair,Private,40
5318,39,Male,HS-grad,Protective-serv,Local-gov,56
5338,28,Female,Assoc-acdm,Adm-clerical,Private,40
5360,19,Male,HS-grad,Craft-repair,Local-gov,40
5412,22,Male,Assoc-voc,Other-service,Private,30
543,27,Male,HS-grad,Transport-moving,Private,40
5436,39,Male,Bachelors,Prof-specialty,Private,40
5440,35,Female,HS-grad,?,?,4
5449,19,Female,HS-grad,Handlers-cleaners,Private,25
5455,44,Male,Bachelors,Craft-repair,Private,12
5481,19,Female,10th,Adm-clerical,Self-emp-not-inc,40
5508,18,Female,11th,Sales,Private,10
5511,48,Female,HS-grad,Machine-op-inspct,Private,16
5543,44,Male,Masters,Exec-managerial,Private,40
5544,33,Male,Assoc-acdm,Protective-serv,Local-gov,56
5654,25,Male,Bachelors,Tech-support,Private,40
567,45,Female,7th-8th,Other-service,Private,40
5698,51,Male,11th,Machine-op-inspct,Private,40
57,35,Male,Assoc-voc,Other-service,Private,40
5708,43,Male,Prof-school,Prof-specialty,Self-emp-not-inc,30
5746,20,Female,9th,Sales,Private,32
5785,24,Female,Some-college,Exec-managerial,Private,45
5807,17,Male,12th,Other-service,Private,18
5820,37,Male,Some-college,Exec-managerial,Self-emp-not-inc,60
5839,48,Male,Bachelors,Exec-managerial,Private,60
586,29,Male,Some-college,Adm-clerical,Private,60
5871,34,Male,Bachelors,Prof-specialty,State-gov,38
5878,28,Male,HS-grad,Other-service,Private,30
5879,19,Male,HS-grad,Craft-repair,Private,40
5931,41,Female,Some-college,Prof-specialty,Private,32
5936,52,Female,Some-college,Adm-clerical,Private,16
5937,71,Male,Some-college,Sales,Private,35
5944,35,Male,Bachelors,Prof-specialty,Private,50
5969,32,Male,HS-grad,Machine-op-inspct,Private,40
5977,29,Male,Doctorate,?,?,50
5996,20,Male,11th,Transport-moving,Private,60
6046,61,Female,HS-grad,Adm-clerical,Private,5
6050,65,Male,HS-grad,Craft-repair,Private,40
6052,33,Male,Assoc-acdm,Other-service,Federal-gov,40
6074,55,Female,11th,Adm-clerical,Private,40
6092,55,Female,9th,Tech-support,Private,23
6106,46,Female,HS-grad,Other-service,Private,24
6128,23,Male,Some-college,Exec-managerial,Private,50
6147,58,Male,Some-college,Exec-managerial,Self-emp-not-inc,60
6162,28,Female,HS-grad,Exec-managerial,Private,50
6225,36,Female,Some-college,Adm-clerical,Private,40
6230,31,Male,HS-grad,Handlers-cleaners,Private,40
6233,67,Male,Masters,Prof-specialty,Private,60
6238,32,Female,HS-grad,Handlers-cleaners,Private,35
6243,47,Female,Assoc-voc,Prof-specialty,Private,40
6261,41,Female,HS-grad,Adm-clerical,Private,40
6273,23,Female,Some-college,Adm-clerical,Private,20
6302,33,Male,Some-college,Machine-op-inspct,Private,39
6321,20,Male,Some-college,Sales,Private,8
6331,39,Female,Some-college,Exec-managerial,Private,35
6335,46,Female,HS-grad,Sales,Private,40
6362,51,Male,Bachelors,Machine-op-inspct,Private,25
6389,18,Male,11th,Handlers-cleaners,Private,30
6394,34,Female,Some-college,Adm-clerical,Private,40
6396,20,Male,Some-college,Handlers-cleaners,Private,40
6402,20,Male,Some-college,Prof-specialty,Private,35
6412,17,Male,12th,Handlers-cleaners,Private,17
643,36,Male,Some-college,Sales,Private,50
6466,46,Male,HS-grad,Craft-repair,Private,40
6470,22,Female,Bachelors,Adm-clerical,Private,35
6472,54,Male,HS-grad,Craft-repair,Self-emp-not-inc,35
6474,37,Female,HS-grad,Prof-specialty,Private,38
6488,29,Male,Bachelors,Other-service,Private,40
6507,51,Male,Assoc-acdm,Tech-support,Federal-gov,40
6552,37,Male,HS-grad,Transport-moving,Private,40
6601,44,Female,HS-grad,Other-service,Private,40
6607,38,Male,Masters,Prof-specialty,Private,45
6634,24,Male,Bachelors,Sales,Private,55
6663,18,Male,Some-college,?,?,40
6695,35,Female,HS-grad,Other-service,Private,38
6732,31,Female,HS-grad,Handlers-cleaners,Private,35
6734,33,Female,HS-grad,?,?,40
6737,42,Male,HS-grad,Other-service,Private,40
675,22,Female,HS-grad,Sales,Private,40
6757,44,Female,Bachelors,Prof-specialty,Local-gov,60
6761,53,Male,HS-grad,Craft-repair,Self-emp-not-inc,60
6765,28,Male,Some-college,Craft-repair,Private,50
6788,28,Female,11th,Craft-repair,Private,40
6798,64,Male,Some-college,?,?,20
6819,32,Male,Some-college,Adm-clerical,State-gov,38
6830,48,Male,HS-grad,Craft-repair,Private,45
6849,24,Male,Some-college,Protective-serv,Local-gov,72
6871,35,Male,Masters,Exec-managerial,Private,40
693,20,Male,Some-college,Prof-specialty,Private,20
7024,73,Male,HS-grad,Craft-repair,Self-emp-not-inc,24
7087,45,Female,Masters,Exec-managerial,Private,40
7098,32,Female,Some-college,Tech-support,Private,20
7137,39,Female,HS-grad,Other-service,Private,40
7156,36,Male,HS-grad,Sales,Private,60
7163,39,Female,Prof-school,Prof-specialty,Private,60
7181,24,Female,Some-college,Other-service,Self-emp-not-inc,75
7225,23,Male,HS-grad,Sales,Private,40
7227,53,Female,HS-grad,Machine-op-inspct,Private,40
7267,29,Female,10th,Sales,Private,40
7291,25,Male,HS-grad,?,?,40
7292,33,Male,Bachelors,Sales,Private,40
7297,63,Male,HS-grad,Prof-specialty,Private,45
7315,26,Female,HS-grad,Priv-house-serv,Private,15
7318,24,Female,HS-grad,Sales,Private,30
7348,25,Female,Some-college,Other-service,State-gov,15
7378,23,Female,Some-college,Other-service,Private,24
7498,74,Male,HS-grad,Exec-managerial,Private,40
750,29,Male,Bachelors,Exec-managerial,State-gov,40
7510,62,Male,HS-grad,?,?,24
7520,40,Male,HS-grad,Craft-repair,Private,40
7535,36,Female,Bachelors,Adm-clerical,Private,40
7543,41,Female,Masters,Prof-specialty,Local-gov,36
7554,34,Male,HS-grad,?,?,25
756,54,Male,HS-grad,Transport-moving,Private,40
7607,55,Male,HS-grad,Transport-moving,Private,50
7625,32,Female,Some-college,Adm-clerical,Private,40
7639,19,Female,Some-college,Other-service,Private,35
7648,53,Male,HS-grad,Machine-op-inspct,Private,40
7649,44,Male,Some-college,Sales,Private,40
7659,32,Male,Bachelors,Prof-specialty,Private,40
7665,45,Female,Assoc-voc,Adm-clerical,Private,40
7685,27,Male,HS-grad,Transport-moving,Private,40
77,67,Male,10th,?,?,2
7717,18,Female,HS-grad,Adm-clerical,Private,25
7727,22,Male,Some-college,Handlers-cleaners,Private,24
7737,49,Female,Some-college,Craft-repair,Self-emp-not-inc,30
7756,31,Male,11th,Handlers-cleaners,Private,40
7757,50,Male,Some-college,Tech-support,Private,60
7814,26,Female,Bachelors,Exec-managerial,Private,50
7819,58,Male,HS-grad,Sales,Private,36
7857,30,Female,Masters,Prof-specialty,Local-gov,40
7880,52,Male,HS-grad,Transport-moving,Private,50
7898,33,Male,HS-grad,Other-service,Private,40
79,31,Male,7th-8th,Farming-fishing,Local-gov,40
791,41,Male,Bachelors,Tech-support,Self-emp-inc,40
7983,50,Male,HS-grad,Tech-support,Private,40
7993,36,Male,HS-grad,Machine-op-inspct,Private,40
801,24,Male,HS-grad,Other-service,Private,30
8032,39,Male,HS-grad,Adm-clerical,Federal-gov,40
8045,47,Male,HS-grad,Craft-repair,Self-emp-not-inc,90
8048,52,Male,HS-grad,Exec-managerial,Private,40
8057,36,Male,HS-grad,?,?,30
8117,35,Male,Prof-school,Prof-specialty,Self-emp-not-inc,50
8139,39,Male,Bachelors,Prof-specialty,Local-gov,50
82,46,Female,HS-grad,Other-service,Private,40
8203,20,Female,Some-college,Priv-house-serv,Private,20
8225,36,Male,Doctorate,Prof-specialty,Self-emp-not-inc,30
8226,35,Male,Bachelors,Exec-managerial,Self-emp-inc,45
8250,41,Male,Bachelors,Other-service,Private,40
8254,39,Female,HS-grad,Adm-clerical,Private,40
8257,19,Female,Some-college,Adm-clerical,Private,40
8269,62,Female,Bachelors,Adm-clerical,Local-gov,38
8274,56,Female,HS-grad,Other-service,Private,40
8296,27,Male,Some-college,Machine-op-inspct,Private,45
8335,56,Female,Some-college,Adm-clerical,State-gov,35
8345,31,Male,HS-grad,Transport-moving,Private,40
8353,26,Male,Bachelors,Craft-repair,Private,40
8395,21,Female,HS-grad,Sales,Private,33
8457,23,Male,Bachelors,Other-service,Private,35
8459,40,Male,Prof-school,Prof-specialty,Self-emp-not-inc,40
8502,18,Male,HS-grad,Handlers-cleaners,Private,22
8534,29,Male,HS-grad,Handlers-cleaners,Private,40
8556,39,Male,HS-grad,Transport-moving,Private,40
8569,23,Male,HS-grad,Sales,Private,48
858,34,Female,Bachelors,Prof-specialty,Private,40
8589,25,Female,Bachelors,Prof-specialty,Private,40
8634,32,Male,10th,Transport-moving,Private,80
8668,27,Male,HS-grad,Craft-repair,Private,40
8686,59,Male,10th,Craft-repair,Private,40
876,23,Female,HS-grad,Handlers-cleaners,Private,7
8768,52,Male,Bachelors,Protective-serv,Federal-gov,45
8779,36,Male,Some-college,Sales,Private,40
8799,60,Female,Assoc-acdm,Other-service,Private,40
880,49,Female,9th,Machine-op-inspct,Private,40
8802,50,Male,Some-college,Handlers-cleaners,Private,38
8809,34,Male,Doctorate,Prof-specialty,Private,40
8810,37,Female,HS-grad,Tech-support,Federal-gov,40
8869,33,Male,HS-grad,Sales,Private,40
8872,53,Female,HS-grad,Adm-clerical,Federal-gov,35
8883,41,Male,Prof-school,Prof-specialty,Self-emp-not-inc,60
889,29,Female,Assoc-voc,Tech-support,Private,45
8900,24,Male,HS-grad,Craft-repair,Private,40
8910,36,Male,Bachelors,Prof-specialty,Private,45
894,42,Male,Prof-school,Farming-fishing,Self-emp-not-inc,65
8961,59,Male,Bachelors,Farming-fishing,Self-emp-not-inc,30
8997,42,Female,11th,Other-service,Private,38
9042,28,Female,HS-grad,Other-service,Private,48
9043,21,Female,Some-college,Priv-house-serv,Private,40
912,53,Male,10th,Farming-fishing,Self-emp-not-inc,60
9127,41,Male,10th,Handlers-cleaners,Private,50
9137,66,Male,11th,Sales,Private,26
9165,34,Female,HS-grad,Other-service,Private,40
9177,36,Male,Assoc-voc,Adm-clerical,Private,40
9179,32,Male,Bachelors,Exec-managerial,Private,60
918,81,Male,HS-grad,Exec-managerial,Self-emp-not-inc,30
9218,50,Male,Bachelors,Exec-managerial,Private,40
9306,52,Male,Masters,Exec-managerial,Private,50
935,37,Male,HS-grad,Craft-repair,Private,99
9372,58,Male,Bachelors,Prof-specialty,Private,40
9384,23,Female,Assoc-acdm,Exec-managerial,Federal-gov,40
9398,27,Male,HS-grad,Farming-fishing,Self-emp-not-inc,80
9417,33,Male,HS-grad,Craft-repair,Private,40
9466,44,Male,HS-grad,Transport-moving,Private,40
9478,47,Male,HS-grad,Transport-moving,Private,45
9480,26,Male,Bachelors,Adm-clerical,Local-gov,41
9493,52,Male,Some-college,Adm-clerical,Private,40
9514,39,Female,Masters,Prof-specialty,Local-gov,43
9541,39,Female,Some-college,Prof-specialty,Local-gov,45
9543,27,Male,HS-grad,Craft-repair,Private,40
9546,60,Male,Some-college,Transport-moving,Private,60
9574,19,Male,11th,Craft-repair,Private,56
9613,55,Male,Bachelors,Sales,Private,50
9632,42,Male,Bachelors,Exec-managerial,Private,60
9654,47,Male,Some-college,Transport-moving,Local-gov,40
968,48,Male,Bachelors,Exec-managerial,Private,40
9680,29,Male,Bachelors,Tech-support,Private,40
9695,52,Male,Some-college,Sales,Self-emp-not-inc,50
970,34,Male,HS-grad,Craft-repair,Private,35
9711,48,Female,Bachelors,Other-service,Private,40
9721,49,Female,Masters,Prof-specialty,State-gov,40
9735,78,Male,Masters,Craft-repair,Private,40
9753,44,Female,Assoc-acdm,Protective-serv,Local-gov,56
9763,43,Female,HS-grad,Machine-op-inspct,Private,50
9772,39,Female,Some-college,Adm-clerical,Private,40
9796,39,Male,HS-grad,Exec-managerial,Private,55
9800,44,Male,Some-college,Machine-op-inspct,Private,40
9811,28,Male,Prof-school,Prof-specialty,Private,99
9894,50,Male,Bachelors,Protective-serv,Local-gov,40
9906,44,Male,Bachelors,Exec-managerial,Private,40
9921,44,Male,HS-grad,Craft-repair,Private,40
9937,31,Male,HS-grad,Exec-managerial,Self-emp-inc,40
